ISO 639-3	ISO 639-2B	ISO 639-2T	ISO 639-1	type	macro
aaa				I	
aab				I	
aac				I	
aad				I	
aae				I	sqi
aaf				I	
aag				I	
aah				I	
aai				I	
aak				I	
aal				I	
aan				I	
aao				I	ara
aap				I	
aar	aar	aar	aa	I	
aas				I	
aat				I	sqi
aau				I	
aaw				I	
aax				I	
aaz				I	
aba				I	
abb				I	
abc				I	
abd				I	
abe				I	
abf				I	
abg				I	
abh				I	ara
abi				I	
abk	abk	abk	ab	I	
abl				I	
abm				I	
abn				I	
abo				I	
abp				I	
abq				I	
abr				I	
abs				I	
abt				I	
abu				I	
abv				I	ara
abw				I	
abx				I	
aby				I	
abz				I	
aca				I	
acb				I	
acd				I	
ace	ace	ace		I	
acf				I	
ach	ach	ach		I	
acm				I	ara
acn				I	
acp				I	
acq				I	ara
acr				I	
act				I	
acu				I	
acv				I	
acw				I	ara
acx				I	ara
acy				I	ara
acz				I	
ada	ada	ada		I	
adb				I	
add				I	
ade				I	
adf				I	ara
adg				I	
adh				I	
adi				I	
adj				I	
adl				I	
adn				I	
ado				I	
adq				I	
adr				I	
ads				I	
adt				I	
adu				I	
adw				I	
adx				I	
ady	ady	ady		I	
adz				I	
aeb				I	ara
aec				I	ara
aed				I	
aee				I	
aek				I	
ael				I	
aem				I	
aen				I	
aeq				I	
aer				I	
aeu				I	
aew				I	
aey				I	
aez				I	
afb				I	ara
afd				I	
afe				I	
afg				I	
afi				I	
afk				I	
afn				I	
afo				I	
afp				I	
afr	afr	afr	af	I	
afs				I	
aft				I	
afu				I	
afz				I	
agb				I	
agc				I	
agd				I	
age				I	
agf				I	
agg				I	
agh				I	
agi				I	
agj				I	
agk				I	
agl				I	
agm				I	
agn				I	
ago				I	
agq				I	
agr				I	
ags				I	
agt				I	
agu				I	
agv				I	
agw				I	
agx				I	
agy				I	
agz				I	
aha				I	
ahb				I	
ahg				I	
ahh				I	
ahi				I	
ahk				I	
ahl				I	
ahm				I	
ahn				I	
ahp				I	
ahr				I	
ahs				I	
aht				I	
aia				I	
aib				I	
aic				I	
aie				I	
aif				I	
aig				I	
aih				I	
aii				I	syr
aij				I	
aik				I	
ail				I	
aim				I	
ain	ain	ain		I	
aio				I	
aip				I	
aiq				I	
air				I	
ais				I	
aiw				I	
aix				I	
aiy				I	
aja				I	
ajg				I	
aji				I	
ajn				I	
ajp				I	ara
ajt				I	jrb
aju				I	jrb
ajz				I	
aka	aka	aka	ak	M	
akb				I	
akc				I	
akd				I	
ake				I	
akf				I	
akg				I	
akh				I	
aki				I	
akl				I	
ako				I	
akp				I	
akq				I	
akr				I	
aks				I	
akt				I	
aku				I	
akv				I	
akw				I	
akz				I	
ala				I	
alc				I	
ald				I	
ale	ale	ale		I	
alf				I	
alh				I	
ali				I	
alj				I	
alk				I	
all				I	
alm				I	
aln				I	sqi
alo				I	
alp				I	
alq				I	
alr				I	
als				I	sqi
alt	alt	alt		I	
alu				I	
alw				I	
alx				I	
aly				I	
alz				I	
amb				I	
amc				I	
ame				I	
amf				I	
amg				I	
amh	amh	amh	am	I	
ami				I	
amj				I	
amk				I	
aml				I	
amm				I	
amn				I	
amo				I	
amp				I	
amq				I	
amr				I	
ams				I	
amt				I	
amu				I	
amv				I	
amw				I	
amx				I	
amy				I	
anc				I	
and				I	
ane				I	
anf				I	
anh				I	
ani				I	
anj				I	
ank				I	
anl				I	
anm				I	
ann				I	
ano				I	
anp	anp	anp		I	
anq				I	
anr				I	
ant				I	
anu				I	
anv				I	
anw				I	
anx				I	
any				I	
anz				I	
aoa				I	
aob				I	
aoc				I	
aod				I	
aoe				I	
aof				I	
aog				I	
aoi				I	
aoj				I	
aok				I	
aol				I	
aom				I	
aon				I	
aos				I	
aot				I	
aou				I	
aox				I	
aoz				I	
apb				I	
apc				I	ara
apd				I	ara
ape				I	
apf				I	
apg				I	
aph				I	
api				I	
apj				I	
apk				I	
apl				I	
apm				I	
apn				I	
apo				I	
app				I	
apq				I	
apr				I	
aps				I	
apt				I	
apu				I	
apw				I	
apx				I	
apy				I	
apz				I	
aqc				I	
aqd				I	
aqg				I	
aqm				I	
aqn				I	
aqr				I	
aqt				I	
aqz				I	
ara	ara	ara	ar	M	
arb				I	ara
are				I	
arg	arg	arg	an	I	
arh				I	
ari				I	
ark				I	
arl				I	
arn	arn	arn		I	
aro				I	
arp	arp	arp		I	
arq				I	ara
arr				I	
ars				I	ara
arv				I	
arw	arw	arw		I	
arx				I	
ary				I	ara
arz				I	ara
asa				I	
asb				I	
asc				I	
asd				I	
ase				I	
asf				I	
asg				I	
asi				I	
asj				I	
ask				I	
asl				I	
asm	asm	asm	as	I	
asn				I	
aso				I	
asp				I	
asq				I	
asr				I	
ass				I	
ast	ast	ast		I	
asu				I	
asv				I	
asw				I	
asx				I	
asy				I	
asz				I	
ata				I	
atb				I	
atd				I	
ate				I	
atg				I	
ati				I	
atj				I	
atk				I	
atl				I	
atm				I	
atn				I	
ato				I	
atp				I	
atq				I	
atr				I	
ats				I	
att				I	
atu				I	
atv				I	
atw				I	
atx				I	
aty				I	
atz				I	
aua				I	
aub				I	
auc				I	
aud				I	
aug				I	
auh				I	
aui				I	
auj				I	
auk				I	
aul				I	
aum				I	
aun				I	
aup				I	
auq				I	
aur				I	
aut				I	
auu				I	
auw				I	
auy				I	
auz				I	ara
ava	ava	ava	av	I	
avb				I	
avd				I	
avi				I	
avl				I	ara
avn				I	
avt				I	
avu				I	
avv				I	
awa	awa	awa		I	
awb				I	
awc				I	
awe				I	
awh				I	
awi				I	
awm				I	
awn				I	
awo				I	
awr				I	
aws				I	
awt				I	
awu				I	
awv				I	
aww				I	
awx				I	
awy				I	
axk				I	
axx				I	
aya				I	
ayb				I	
ayc				I	aym
aye				I	
ayg				I	
ayh				I	ara
ayi				I	
ayk				I	
ayl				I	ara
aym	aym	aym	ay	M	
ayn				I	ara
ayo				I	
ayp				I	ara
ayq				I	
ayr				I	aym
ays				I	
ayt				I	
ayu				I	
ayz				I	
aza				I	
azb				I	aze
azd				I	
aze	aze	aze	az	M	
azg				I	
azj				I	aze
azm				I	
azn				I	
azo				I	
azt				I	
azz				I	
baa				I	
bab				I	
bac				I	
baf				I	
bag				I	
bah				I	
baj				I	
bak	bak	bak	ba	I	
bal	bal	bal		M	
bam	bam	bam	bm	I	
ban	ban	ban		I	
bao				I	
bap				I	
bar				I	
bas	bas	bas		I	
bau				I	
bav				I	
baw				I	
bax				I	
bay				I	
bba				I	
bbb				I	
bbc				I	
bbd				I	
bbe				I	
bbf				I	
bbg				I	
bbh				I	
bbi				I	
bbj				I	
bbk				I	
bbl				I	
bbm				I	
bbn				I	
bbo				I	
bbp				I	
bbq				I	
bbr				I	
bbs				I	
bbt				I	
bbu				I	
bbv				I	
bbw				I	
bbx				I	
bby				I	
bbz				I	ara
bca				I	
bcb				I	
bcc				I	bal
bcd				I	
bce				I	
bcf				I	
bcg				I	
bch				I	
bci				I	
bcj				I	
bck				I	
bcl				I	bik
bcm				I	
bcn				I	
bco				I	
bcp				I	
bcq				I	
bcr				I	
bcs				I	
bct				I	
bcu				I	
bcv				I	
bcw				I	
bcy				I	
bcz				I	
bda				I	
bdb				I	
bdc				I	
bdd				I	
bde				I	
bdf				I	
bdg				I	
bdh				I	
bdi				I	
bdj				I	
bdk				I	
bdl				I	
bdm				I	
bdn				I	
bdo				I	
bdp				I	
bdq				I	
bdr				I	
bds				I	
bdt				I	gba
bdu				I	
bdv				I	
bdw				I	
bdx				I	
bdy				I	
bdz				I	
bea				I	
beb				I	
bec				I	
bed				I	
bee				I	
bef				I	
beg				I	
beh				I	
bei				I	
bej	bej	bej		I	
bek				I	
bel	bel	bel	be	I	
bem	bem	bem		I	
ben	ben	ben	bn	I	
beo				I	
bep				I	
beq				I	
bes				I	
bet				I	
beu				I	
bev				I	
bew				I	
bex				I	
bey				I	
bez				I	
bfa				I	
bfb				I	
bfc				I	
bfd				I	
bfe				I	
bff				I	
bfg				I	
bfh				I	
bfi				I	
bfj				I	
bfk				I	
bfl				I	
bfm				I	
bfn				I	
bfo				I	
bfp				I	
bfq				I	
bfr				I	
bfs				I	
bft				I	
bfu				I	
bfw				I	
bfx				I	
bfy				I	
bfz				I	
bga				I	
bgb				I	
bgc				I	
bgd				I	
bge				I	
bgf				I	
bgg				I	
bgi				I	
bgj				I	
bgk				I	
bgl				I	
bgm				I	
bgn				I	bal
bgo				I	
bgp				I	bal
bgq				I	raj
bgr				I	
bgs				I	
bgt				I	
bgu				I	
bgv				I	
bgw				I	
bgx				I	
bgy				I	
bgz				I	
bha				I	
bhb				I	
bhc				I	
bhd				I	
bhe				I	
bhf				I	
bhg				I	
bhh				I	
bhi				I	
bhj				I	
bhl				I	
bhm				I	
bhn				I	
bho	bho	bho		I	
bhp				I	
bhq				I	
bhr				I	mlg
bhs				I	
bht				I	
bhu				I	
bhv				I	
bhw				I	
bhx				I	
bhy				I	
bhz				I	
bia				I	
bib				I	
bic				I	
bid				I	
bie				I	
bif				I	
big				I	
bij				I	
bik	bik	bik		M	
bil				I	
bim				I	
bin	bin	bin		I	
bio				I	
bip				I	
biq				I	
bir				I	
bis	bis	bis	bi	I	
bit				I	
biu				I	
biv				I	
biw				I	
bix				I	
biy				I	
biz				I	
bja				I	
bjc				I	
bje				I	
bjf				I	
bjg				I	
bjh				I	
bji				I	
bjj				I	
bjk				I	
bjl				I	
bjm				I	
bjn				I	msa
bjo				I	
bjp				I	
bjr				I	
bjs				I	
bjt				I	
bju				I	
bjv				I	
bjw				I	
bjx				I	
bjz				I	
bka				I	
bkc				I	
bkd				I	
bkf				I	
bkg				I	
bkh				I	
bki				I	
bkj				I	
bkk				I	
bkl				I	
bkm				I	
bkn				I	
bko				I	
bkp				I	
bkq				I	
bkr				I	
bks				I	
bkt				I	
bku				I	
bkv				I	
bkw				I	
bkx				I	
bky				I	
bkz				I	
bla	bla	bla		I	
blb				I	
blc				I	
bld				I	
ble				I	
blf				I	
blg				I	
blh				I	
bli				I	
blj				I	
blk				I	
blm				I	
bln				I	bik
blo				I	
blp				I	
blq				I	
blr				I	
bls				I	
blt				I	
blv				I	
blw				I	
blx				I	
bly				I	
blz				I	
bma				I	
bmb				I	
bmc				I	
bmd				I	
bme				I	
bmf				I	
bmg				I	
bmh				I	
bmi				I	
bmj				I	
bmk				I	
bml				I	
bmm				I	mlg
bmo				I	
bmp				I	
bmq				I	
bmr				I	
bms				I	
bmt				I	
bmu				I	
bmv				I	
bmw				I	
bmx				I	
bmz				I	
bna				I	
bnb				I	
bnc				M	
bnd				I	
bne				I	
bnf				I	
bng				I	
bni				I	
bnj				I	
bnk				I	
bnl				I	
bnm				I	
bnn				I	
bno				I	
bnp				I	
bnq				I	
bnr				I	
bns				I	
bnu				I	
bnv				I	
bnw				I	
bnx				I	
bny				I	
bnz				I	
boa				I	
bob				I	
bod	tib	bod	bo	I	
boe				I	
bof				I	
bog				I	
boh				I	
boj				I	
bok				I	
bol				I	
bom				I	
bon				I	
boo				I	
bop				I	
boq				I	
bor				I	
bos	bos	bos	bs	I	hbs
bot				I	
bou				I	
bov				I	
box				I	
boy				I	
boz				I	
bpa				I	
bpd				I	
bpg				I	
bph				I	
bpi				I	
bpj				I	
bpk				I	
bpl				I	
bpm				I	
bpn				I	
bpo				I	
bpp				I	
bpq				I	
bpr				I	
bps				I	
bpu				I	
bpv				I	
bpw				I	
bpx				I	
bpy				I	
bpz				I	
bqa				I	
bqb				I	
bqc				I	
bqd				I	
bqg				I	
bqh				I	
bqi				I	
bqj				I	
bqk				I	
bql				I	
bqm				I	
bqn				I	
bqo				I	
bqp				I	
bqq				I	
bqr				I	
bqs				I	
bqt				I	
bqu				I	
bqv				I	
bqw				I	
bqx				I	
bqy				I	
bqz				I	
bra	bra	bra		I	
brb				I	
brd				I	
bre	bre	bre	br	I	
brf				I	
brg				I	
brh				I	
bri				I	
brj				I	
brl				I	
brm				I	
brn				I	
bro				I	
brp				I	
brq				I	
brr				I	
brs				I	
brt				I	
bru				I	
brv				I	
brw				I	
brx				I	
bry				I	
brz				I	
bsa				I	
bsb				I	
bsc				I	
bse				I	
bsf				I	
bsg				I	
bsh				I	
bsi				I	
bsj				I	
bsk				I	
bsm				I	
bsn				I	
bso				I	
bsp				I	
bsq				I	
bsr				I	
bss				I	
bst				I	
bsu				I	
bsw				I	
bsx				I	
bsy				I	
bta				I	
btc				I	
btd				I	
btf				I	
btg				I	
bth				I	
bti				I	
btj				I	msa
btl				I	
btm				I	
btn				I	
bto				I	bik
btp				I	
btq				I	
btr				I	
bts				I	
btt				I	
btu				I	
btv				I	
btw				I	
btx				I	
bty				I	
btz				I	
bua	bua	bua		M	
bub				I	
buc				I	
bud				I	
buf				I	
bug	bug	bug		I	
buh				I	
bui				I	
buj				I	
buk				I	
bul	bul	bul	bg	I	
bum				I	
bun				I	
buo				I	
bup				I	
buq				I	
bus				I	
but				I	
buu				I	
buv				I	
buw				I	
bux				I	
buy				I	
buz				I	
bva				I	
bvb				I	
bvc				I	
bvd				I	
bve				I	msa
bvf				I	
bvg				I	
bvh				I	
bvi				I	
bvj				I	
bvk				I	
bvl				I	
bvm				I	
bvn				I	
bvo				I	
bvp				I	
bvq				I	
bvr				I	
bvt				I	
bvu				I	msa
bvw				I	
bvx				I	
bvy				I	
bvz				I	
bwa				I	
bwb				I	
bwc				I	
bwd				I	
bwe				I	
bwf				I	
bwg				I	
bwh				I	
bwi				I	
bwj				I	
bwk				I	
bwl				I	
bwm				I	
bwn				I	
bwo				I	
bwp				I	
bwq				I	
bwr				I	
bws				I	
bwt				I	
bwu				I	
bww				I	
bwx				I	
bwy				I	
bwz				I	
bxa				I	
bxb				I	
bxc				I	
bxd				I	
bxe				I	
bxf				I	
bxg				I	
bxh				I	
bxj				I	
bxk				I	luy
bxl				I	
bxm				I	bua
bxn				I	
bxo				I	
bxp				I	
bxq				I	
bxr				I	bua
bxs				I	
bxu				I	bua
bxv				I	
bxw				I	
bxz				I	
bya				I	
byb				I	
byc				I	
byd				I	
bye				I	
byf				I	
byh				I	
byi				I	
byj				I	
byk				I	
byl				I	
bym				I	
byn	byn	byn		I	
byo				I	
byp				I	
byr				I	
bys				I	
byv				I	
byw				I	
byx				I	
byz				I	
bza				I	
bzb				I	
bzc				I	mlg
bzd				I	
bze				I	
bzf				I	
bzg				I	
bzh				I	
bzi				I	
bzj				I	
bzk				I	
bzl				I	
bzm				I	
bzn				I	
bzo				I	
bzp				I	
bzq				I	
bzs				I	
bzu				I	
bzv				I	
bzw				I	
bzx				I	
bzy				I	
bzz				I	
caa				I	
cab				I	
cac				I	
cad	cad	cad		I	
cae				I	
caf				I	
cag				I	
cah				I	
cak				I	
cal				I	
cam				I	
can				I	
cao				I	
cap				I	
caq				I	
car	car	car		I	
cas				I	
cat	cat	cat	ca	I	
cav				I	
caw				I	
cax				I	
cay				I	
cbb				I	
cbc				I	
cbd				I	
cbg				I	
cbi				I	
cbj				I	
cbk				I	
cbl				I	
cbn				I	
cbo				I	
cbq				I	
cbr				I	
cbs				I	
cbt				I	
cbu				I	
cbv				I	
cbw				I	
cby				I	
ccc				I	
ccd				I	
cce				I	
ccg				I	
cch				I	
ccj				I	
ccl				I	
ccm				I	
cco				I	
ccp				I	
cda				I	
cde				I	
cdf				I	
cdg				I	
cdh				I	
cdi				I	
cdj				I	
cdm				I	
cdn				I	
cdo				I	zho
cdr				I	
cds				I	
cdy				I	
cdz				I	
ceb	ceb	ceb		I	
ceg				I	
cek				I	
cen				I	
ces	cze	ces	cs	I	
cet				I	
cfa				I	
cfd				I	
cfg				I	
cfm				I	
cga				I	
cgc				I	
cgg				I	
cgk				I	
cha	cha	cha	ch	I	
chd				I	
che	che	che	ce	I	
chf				I	
chh				I	
chj				I	
chk	chk	chk		I	
chl				I	
chm	chm	chm		M	
chn	chn	chn		I	
cho	cho	cho		I	
chp	chp	chp		I	
chq				I	
chr	chr	chr		I	
chv	chv	chv	cv	I	
chw				I	
chx				I	
chy	chy	chy		I	
chz				I	
cia				I	
cib				I	
cic				I	
cie				I	
cih				I	
cik				I	
cim				I	
cin				I	
cip				I	
cir				I	
ciw				I	oji
ciy				I	
cja				I	
cje				I	
cji				I	
cjk				I	
cjm				I	
cjn				I	
cjo				I	
cjp				I	
cjs				I	
cjv				I	
cjy				I	zho
ckb				I	kur
ckh				I	
ckl				I	
ckn				I	
cko				I	
ckq				I	
ckr				I	
cks				I	
ckt				I	
cku				I	
ckv				I	
ckx				I	
cky				I	
ckz				I	
cla				I	
clc				I	
cld				I	syr
cle				I	
clh				I	
cli				I	
clj				I	
clk				I	
cll				I	
clm				I	
clo				I	
clt				I	
clu				I	
clw				I	
cly				I	
cma				I	
cme				I	
cmi				I	
cml				I	
cmn				I	zho
cmo				I	
cmr				I	
cmt				I	
cna				I	
cnb				I	
cnc				I	
cng				I	
cnh				I	
cni				I	
cnk				I	
cnl				I	
cno				I	
cns				I	
cnt				I	
cnu				I	
cnw				I	
coa				I	msa
coc				I	
cod				I	
coe				I	
cof				I	
cog				I	
coh				I	
cok				I	
col				I	
com				I	
con				I	
coo				I	
cor	cor	cor	kw	I	
cos	cos	cos	co	I	
cot				I	
cou				I	
cov				I	
cox				I	
coz				I	
cpa				I	
cpb				I	
cpc				I	
cpi				I	
cpn				I	
cpo				I	
cps				I	
cpu				I	
cpx				I	zho
cpy				I	
cqd				I	hmn
cqu				I	que
cra				I	
crc				I	
crd				I	
cre	cre	cre	cr	M	
crg				I	
crh	crh	crh		I	
cri				I	
crj				I	cre
crk				I	cre
crl				I	cre
crm				I	cre
crn				I	
cro				I	
crq				I	
crs				I	
crt				I	
crv				I	
crw				I	
crx				I	
cry				I	
csa				I	
csb	csb	csb		I	
csc				I	
csd				I	
cse				I	
csf				I	
csg				I	
csh				I	
csj				I	
csk				I	
csl				I	
csm				I	
csn				I	
cso				I	
csq				I	
csr				I	
cst				I	
csv				I	
csw				I	cre
csy				I	
csz				I	
cta				I	
ctc				I	
ctd				I	
cte				I	
ctg				I	
cth				I	
ctl				I	
ctn				I	
cto				I	
ctp				I	
cts				I	bik
ctt				I	
ctu				I	
ctz				I	
cua				I	
cub				I	
cuc				I	
cug				I	
cuh				I	
cui				I	
cuj				I	
cuk				I	
cul				I	
cuq				I	
cur				I	
cut				I	
cuu				I	
cuv				I	
cuw				I	
cux				I	
cvg				I	
cvn				I	
cwa				I	
cwb				I	
cwd				I	cre
cwe				I	
cwg				I	
cwt				I	
cya				I	
cym	wel	cym	cy	I	
cyo				I	
czh				I	zho
czn				I	
czo				I	zho
czt				I	
daa				I	
dac				I	
dad				I	
dae				I	
dag				I	
dah				I	
dai				I	
daj				I	
dak	dak	dak		I	
dal				I	
dam				I	
dan	dan	dan	da	I	
dao				I	
daq				I	
dar	dar	dar		I	
das				I	
dau				I	
dav				I	
daw				I	
dax				I	
daz				I	
dba				I	
dbb				I	
dbd				I	
dbe				I	
dbf				I	
dbg				I	
dbi				I	
dbj				I	
dbl				I	
dbm				I	
dbn				I	
dbo				I	
dbp				I	
dbq				I	
dbr				I	
dbt				I	
dbu				I	
dbv				I	
dbw				I	
dby				I	
dcc				I	
ddd				I	
dde				I	
ddg				I	
ddi				I	
ddj				I	
ddn				I	
ddo				I	
dds				I	
ddw				I	
dec				I	
ded				I	
dee				I	
def				I	
deg				I	
deh				I	
dei				I	
dek				I	
del	del	del		M	
dem				I	
den	den	den		M	
deq				I	
der				I	
des				I	
deu	ger	deu	de	I	
dev				I	
dez				I	
dga				I	
dgb				I	
dgc				I	
dgd				I	
dge				I	
dgg				I	
dgh				I	
dgi				I	
dgk				I	
dgl				I	
dgo				I	doi
dgr	dgr	dgr		I	
dgs				I	
dgu				I	
dgx				I	
dgz				I	
dhd				I	mwr
dhg				I	
dhi				I	
dhl				I	
dhm				I	
dhn				I	
dho				I	
dhr				I	
dhs				I	
dhv				I	
dhw				I	
dhx				I	
dia				I	
dib				I	din
dic				I	
did				I	
dig				I	
dih				I	
dii				I	
dij				I	
dik				I	din
dil				I	
dim				I	
din	din	din		M	
dio				I	
dip				I	din
diq				I	zza
dir				I	
dis				I	
diu				I	
div	div	div	dv	I	
diw				I	din
dix				I	
diy				I	
diz				I	
djb				I	
djc				I	
djd				I	
dje				I	
dji				I	
djj				I	
djk				I	
djm				I	
djn				I	
djo				I	
djr				I	
dju				I	
dka				I	
dkk				I	
dkr				I	
dks				I	din
dkx				I	
dlg				I	
dlk				I	
dln				I	
dma				I	
dmb				I	
dmc				I	
dme				I	
dmg				I	
dmk				I	
dml				I	
dmm				I	
dmo				I	
dmr				I	
dms				I	
dmu				I	
dmv				I	
dmw				I	
dmx				I	
dmy				I	
dna				I	
dnd				I	
dne				I	
dng				I	
dni				I	
dnj				I	
dnk				I	
dnn				I	
dnr				I	
dnt				I	
dnu				I	
dnv				I	
dnw				I	
dny				I	
doa				I	
dob				I	
doc				I	
doe				I	
dof				I	
doh				I	
doi	doi	doi		M	
dok				I	
dol				I	
don				I	
doo				I	
dop				I	
doq				I	
dor				I	
dos				I	
dot				I	
dov				I	
dow				I	
dox				I	
doy				I	
doz				I	
dpp				I	
drb				I	
drc				I	
drd				I	
dre				I	
drg				I	
dri				I	
drl				I	
drn				I	
dro				I	
drs				I	
drt				I	
dru				I	
dry				I	
dsb	dsb	dsb		I	
dse				I	
dsh				I	
dsi				I	
dsl				I	
dsn				I	
dso				I	
dsq				I	
dta				I	
dtb				I	
dtd				I	
dti				I	
dtk				I	
dtm				I	
dto				I	
dtp				I	
dtr				I	
dts				I	
dtt				I	
dtu				I	
dty				I	nep
dua	dua	dua		I	
dub				I	
duc				I	
dud				I	
due				I	
duf				I	
dug				I	
duh				I	
dui				I	
duj				I	
duk				I	
dul				I	
dun				I	
duo				I	
dup				I	msa
duq				I	
dur				I	
dus				I	
duu				I	
duv				I	
duw				I	
dux				I	
dva				I	
dwa				I	
dwr				I	
dww				I	
dya				I	
dyi				I	
dym				I	
dyn				I	
dyo				I	
dyu	dyu	dyu		I	
dyy				I	
dza				I	
dzg				I	
dzl				I	
dzn				I	
dzo	dzo	dzo	dz	I	
ebg				I	
ebk				I	bnc
ebo				I	
ebr				I	
ebu				I	
ecs				I	
eee				I	
efa				I	
efe				I	
efi	efi	efi		I	
ega				I	
egl				I	
ego				I	
ehu				I	
eip				I	
eit				I	
eiv				I	
eja				I	
eka	eka	eka		I	
eke				I	
ekg				I	
eki				I	
ekk				I	est
ekl				I	
ekm				I	
eko				I	
ekp				I	
ekr				I	
eky				I	
ele				I	
elh				I	
elk				I	
ell	gre	ell	el	I	
elm				I	
elo				I	
elu				I	
ema				I	
emb				I	
eme				I	
emg				I	
emi				I	
emk				I	man
emn				I	
emp				I	
ems				I	
emu				I	
emw				I	
emx				I	
ena				I	
enb				I	kln
enc				I	
end				I	
enf				I	
eng	eng	eng	en	I	
enh				I	
enl				I	
enn				I	
eno				I	
enq				I	
enr				I	
enu				I	
env				I	
enw				I	
enx				I	
eot				I	
epi				I	
era				I	
erg				I	
erh				I	
eri				I	
erk				I	
ero				I	
ers				I	
ert				I	
erw				I	
ese				I	
esh				I	
esi				I	ipk
esk				I	ipk
esl				I	
esn				I	
eso				I	
ess				I	
est	est	est	et	M	
esu				I	
esy				I	
etb				I	
eth				I	
etn				I	
eto				I	
etr				I	
ets				I	
etu				I	
etx				I	
etz				I	
eus	baq	eus	eu	I	
eve				I	
evh				I	
evn				I	
ewe	ewe	ewe	ee	I	
ewo	ewo	ewo		I	
ext				I	
eyo				I	kln
eza				I	
eze				I	
faa				I	
fab				I	
fad				I	
faf				I	
fag				I	
fah				I	
fai				I	
faj				I	
fak				I	
fal				I	
fam				I	
fan	fan	fan		I	
fao	fao	fao	fo	I	
fap				I	
far				I	
fas	per	fas	fa	M	
fat	fat	fat		I	aka
fau				I	
fax				I	
fay				I	
faz				I	
fbl				I	bik
fcs				I	
fer				I	
ffi				I	
ffm				I	ful
fgr				I	
fia				I	
fie				I	
fij	fij	fij	fj	I	
fil	fil	fil		I	
fin	fin	fin	fi	I	
fip				I	
fir				I	
fit				I	
fiw				I	
fkk				I	
fkv				I	
fla				I	
flh				I	
fli				I	
fll				I	
flr				I	
fly				I	
fmp				I	
fmu				I	
fng				I	
fni				I	
fod				I	
foi				I	
fom				I	
fon	fon	fon		I	
for				I	
fpe				I	
fqs				I	
fra	fre	fra	fr	I	
frc				I	
frd				I	
frp				I	
frq				I	
frr	frr	frr		I	
frs	frs	frs		I	
frt				I	
fry	fry	fry	fy	I	
fse				I	
fsl				I	
fss				I	
fub				I	ful
fuc				I	ful
fud				I	
fue				I	ful
fuf				I	ful
fuh				I	ful
fui				I	ful
fuj				I	
ful	ful	ful	ff	M	
fum				I	
fun				I	
fuq				I	ful
fur	fur	fur		I	
fut				I	
fuu				I	
fuv				I	ful
fuy				I	
fvr				I	
fwa				I	
fwe				I	
gaa	gaa	gaa		I	
gab				I	
gac				I	
gad				I	
gae				I	
gaf				I	
gag				I	
gah				I	
gai				I	
gaj				I	
gak				I	
gal				I	
gam				I	
gan				I	zho
gao				I	
gap				I	
gaq				I	
gar				I	
gas				I	
gat				I	
gau				I	
gaw				I	
gax				I	orm
gay	gay	gay		I	
gaz				I	orm
gba	gba	gba		M	
gbb				I	
gbd				I	
gbe				I	
gbf				I	
gbg				I	
gbh				I	
gbi				I	
gbj				I	
gbk				I	
gbl				I	
gbm				I	
gbn				I	
gbo				I	grb
gbp				I	gba
gbq				I	gba
gbr				I	
gbs				I	
gbu				I	
gbv				I	
gbw				I	
gbx				I	
gby				I	
gbz				I	
gcc				I	
gcf				I	
gcl				I	
gcn				I	
gcr				I	
gct				I	
gda				I	raj
gdb				I	
gdd				I	
gde				I	
gdf				I	
gdg				I	
gdh				I	
gdi				I	
gdj				I	
gdk				I	
gdl				I	
gdm				I	
gdn				I	
gdo				I	
gdq				I	
gdr				I	
gds				I	
gdu				I	
gdx				I	
gea				I	
geb				I	
gec				I	grb
ged				I	
geg				I	
geh				I	
gei				I	
gej				I	
gek				I	
gel				I	
geq				I	
ges				I	
gev				I	
gew				I	
gex				I	
gey				I	
gfk				I	
gga				I	
ggb				I	
gge				I	
ggg				I	
ggl				I	
ggn				I	
ggo				I	gon
ggt				I	
ggu				I	
ggw				I	
gha				I	
ghe				I	
ghh				I	
ghk				I	
ghl				I	
ghn				I	
ghr				I	
ghs				I	
ght				I	
gia				I	
gib				I	
gic				I	
gid				I	
gig				I	
gih				I	
gil	gil	gil		I	
gim				I	
gin				I	
gip				I	
giq				I	
gir				I	
gis				I	
git				I	
giu				I	
giw				I	
gix				I	
giy				I	
giz				I	
gji				I	
gjk				I	
gjn				I	
gju				I	raj
gka				I	
gke				I	
gkn				I	
gkp				I	kpe
gla	gla	gla	gd	I	
glc				I	
gld				I	
gle	gle	gle	ga	I	
glg	glg	glg	gl	I	
glh				I	
glj				I	
glk				I	
glo				I	
glr				I	
glu				I	
glv	glv	glv	gv	I	
glw				I	
gmb				I	
gmd				I	
gmg				I	
gmm				I	gba
gmn				I	
gmu				I	
gmv				I	
gmx				I	
gmz				I	
gna				I	
gnb				I	
gnd				I	
gne				I	
gng				I	
gnh				I	
gni				I	
gnk				I	
gnm				I	
gnn				I	
gno				I	gon
gnq				I	
gnt				I	
gnu				I	
gnw				I	grn
gnz				I	
goa				I	
gob				I	
goc				I	
god				I	
goe				I	
gof				I	
gog				I	
goi				I	
goj				I	
gok				I	
gol				I	
gom				I	kok
gon	gon	gon		M	
goo				I	
gop				I	
goq				I	
gor	gor	gor		I	
gos				I	
gou				I	
gow				I	
gox				I	
goy				I	
goz				I	
gpa				I	
gpe				I	
gpn				I	
gqa				I	
gqi				I	
gqr				I	
gqu				I	
gra				I	
grb	grb	grb		M	
grd				I	
grg				I	
grh				I	
gri				I	
grj				I	grb
grm				I	
grn	grn	grn	gn	M	
gro				I	
grq				I	
grr				I	
grs				I	
grt				I	
gru				I	
grv				I	grb
grw				I	
grx				I	
gry				I	grb
grz				I	
gse				I	
gsg				I	
gsl				I	
gsm				I	
gsn				I	
gso				I	gba
gsp				I	
gss				I	
gsw	gsw	gsw		I	
gta				I	
gua				I	
gub				I	
guc				I	
gud				I	
gue				I	
guf				I	
gug				I	grn
guh				I	
gui				I	grn
guj	guj	guj	gu	I	
guk				I	
gul				I	
gum				I	
gun				I	grn
guo				I	
gup				I	
guq				I	
gur				I	
gus				I	
gut				I	
guu				I	
guw				I	
gux				I	
guz				I	
gva				I	
gvc				I	
gve				I	
gvf				I	
gvj				I	
gvl				I	
gvm				I	
gvn				I	
gvo				I	
gvp				I	
gvr				I	
gvs				I	
gwa				I	
gwb				I	
gwc				I	
gwd				I	
gwe				I	
gwf				I	
gwg				I	
gwi	gwi	gwi		I	
gwj				I	
gwn				I	
gwr				I	
gwt				I	
gww				I	
gwx				I	
gxx				I	
gya				I	gba
gyb				I	
gyd				I	
gye				I	
gyg				I	
gyi				I	
gyl				I	
gym				I	
gyn				I	
gyr				I	
gza				I	
gzi				I	
gzn				I	
haa				I	
hab				I	
hac				I	
had				I	
hae				I	orm
haf				I	
hag				I	
hah				I	
hai	hai	hai		M	
haj				I	
hak				I	zho
hal				I	
ham				I	
han				I	
hao				I	
hap				I	
haq				I	
har				I	
has				I	
hat	hat	hat	ht	I	
hau	hau	hau	ha	I	
hav				I	
haw	haw	haw		I	
hax				I	hai
hay				I	
haz				I	
hba				I	
hbb				I	
hbn				I	
hbs			sh	M	
hbu				I	
hca				I	
hch				I	
hdn				I	hai
hds				I	
hdy				I	
hea				I	hmn
heb	heb	heb	he	I	
hed				I	
heg				I	
heh				I	
hei				I	
hem				I	
her	her	her	hz	I	
hgm				I	
hgw				I	
hhi				I	
hhr				I	
hhy				I	
hia				I	
hid				I	
hif				I	
hig				I	
hih				I	
hii				I	
hij				I	
hik				I	
hil	hil	hil		I	
hin	hin	hin	hi	I	
hio				I	
hir				I	
hiw				I	
hix				I	
hji				I	msa
hka				I	
hke				I	
hkk				I	
hks				I	
hla				I	
hlb				I	
hld				I	
hle				I	
hlt				I	
hma				I	hmn
hmb				I	
hmc				I	hmn
hmd				I	hmn
hme				I	hmn
hmf				I	
hmg				I	hmn
hmh				I	hmn
hmi				I	hmn
hmj				I	hmn
hml				I	hmn
hmm				I	hmn
hmn	hmn	hmn		M	
hmo	hmo	hmo	ho	I	
hmp				I	hmn
hmq				I	hmn
hmr				I	
hms				I	hmn
hmt				I	
hmu				I	
hmv				I	
hmw				I	hmn
hmy				I	hmn
hmz				I	hmn
hna				I	
hnd				I	lah
hne				I	
hnh				I	
hni				I	
hnj				I	hmn
hnn				I	
hno				I	lah
hns				I	
hnu				I	
hoa				I	
hob				I	
hoc				I	
hoe				I	
hoh				I	
hoi				I	
hoj				I	raj
hol				I	
hoo				I	
hop				I	
hos				I	
hot				I	
hov				I	
how				I	
hoy				I	
hoz				I	
hpo				I	
hps				I	
hra				I	
hrc				I	
hre				I	
hrk				I	
hrm				I	hmn
hro				I	
hrt				I	
hru				I	
hrv	hrv	hrv	hr	I	hbs
hrw				I	
hrx				I	
hrz				I	
hsb	hsb	hsb		I	
hsh				I	
hsl				I	
hsn				I	zho
hss				I	
hti				I	
hto				I	
hts				I	
htu				I	
hub				I	
huc				I	
hud				I	
hue				I	
huf				I	
hug				I	
huh				I	
hui				I	
huj				I	hmn
huk				I	
hul				I	
hum				I	
hun	hun	hun	hu	I	
huo				I	
hup	hup	hup		I	
huq				I	
hur				I	
hus				I	
hut				I	
huu				I	
huv				I	
hux				I	
huy				I	
huz				I	
hvc				I	
hve				I	
hvk				I	
hvn				I	
hvv				I	
hwa				I	
hwc				I	
hwo				I	
hya				I	
hye	arm	hye	hy	I	
iai				I	
ian				I	
iap				I	
iar				I	
iba	iba	iba		I	
ibb				I	
ibd				I	
ibe				I	
ibg				I	
ibl				I	
ibm				I	
ibn				I	
ibo	ibo	ibo	ig	I	
ibr				I	
ibu				I	
iby				I	
ica				I	
ich				I	
icl				I	
icr				I	
ida				I	luy
idb				I	
idc				I	
idd				I	
ide				I	
idi				I	
idr				I	
ids				I	
idt				I	
idu				I	
ifa				I	
ifb				I	
ife				I	
ifk				I	
ifm				I	
ifu				I	
ify				I	
igb				I	
ige				I	
igg				I	
igl				I	
igm				I	
ign				I	
igo				I	
igw				I	
ihb				I	
ihi				I	
ihp				I	
iii	iii	iii	ii	I	
ijc				I	
ije				I	
ijj				I	
ijn				I	
ijs				I	
ike				I	iku
iki				I	
ikk				I	
ikl				I	
iko				I	
ikp				I	
iks				I	
ikt				I	iku
iku	iku	iku	iu	M	
ikv				I	
ikw				I	
ikx				I	
ikz				I	
ila				I	
ilb				I	
ili				I	
ilk				I	
ill				I	
ilo	ilo	ilo		I	
ils				I	
ilu				I	
ilv				I	
ima				I	
imi				I	
imn				I	
imo				I	
imr				I	
inb				I	
ind	ind	ind	id	I	msa
ing				I	
inh	inh	inh		I	
inj				I	
inl				I	
inn				I	
ino				I	
inp				I	
ins				I	
int				I	
ior				I	
iou				I	
ipi				I	
ipk	ipk	ipk	ik	M	
ipo				I	
iqu				I	
iqw				I	
ire				I	
irh				I	
iri				I	
irk				I	
irn				I	
irr				I	
iru				I	
irx				I	
iry				I	
isa				I	
isc				I	
isd				I	
ise				I	
isg				I	
ish				I	
isi				I	
isk				I	
isl	ice	isl	is	I	
ism				I	
isn				I	
iso				I	
isr				I	
ist				I	
isu				I	
ita	ita	ita	it	I	
itb				I	
iti				I	
itk				I	
itl				I	
itm				I	
ito				I	
itr				I	
its				I	
itt				I	
itv				I	
itw				I	
itx				I	
ity				I	
itz				I	
ium				I	
ivb				I	
ivv				I	
iwk				I	
iwm				I	
iwo				I	
iws				I	
ixc				I	
ixl				I	
iya				I	
iyo				I	
iyx				I	
izh				I	
izr				I	
izz				I	
jaa				I	
jab				I	
jac				I	
jad				I	
jae				I	
jaf				I	
jah				I	
jaj				I	
jak				I	msa
jal				I	
jam				I	
jao				I	
jaq				I	
jas				I	
jat				I	lah
jau				I	
jav	jav	jav	jv	I	
jax				I	msa
jay				I	
jaz				I	
jbe				I	
jbj				I	
jbk				I	
jbn				I	
jbr				I	
jbt				I	
jbu				I	
jcs				I	
jct				I	
jda				I	
jdg				I	
jdt				I	
jeb				I	
jee				I	
jeg				I	
jeh				I	
jei				I	
jek				I	
jel				I	
jen				I	
jer				I	
jet				I	
jeu				I	
jge				I	
jgk				I	
jgo				I	
jhi				I	
jhs				I	
jia				I	
jib				I	
jic				I	
jid				I	
jie				I	
jig				I	
jih				I	
jii				I	
jil				I	
jim				I	
jio				I	
jiq				I	
jit				I	
jiu				I	
jiv				I	
jiy				I	
jje				I	
jjr				I	
jkm				I	
jko				I	
jkp				I	
jkr				I	
jku				I	
jle				I	
jls				I	
jma				I	
jmb				I	
jmc				I	
jmd				I	
jmi				I	
jml				I	
jmn				I	
jmr				I	
jms				I	
jmw				I	
jmx				I	
jna				I	
jnd				I	
jni				I	
jnj				I	
jnl				I	
jns				I	
job				I	
jod				I	
jos				I	
jow				I	
jpn	jpn	jpn	ja	I	
jpr	jpr	jpr		I	
jqr				I	
jra				I	
jrb	jrb	jrb		M	
jrr				I	
jrt				I	
jru				I	
jsl				I	
jua				I	
jub				I	
jud				I	
juh				I	
juk				I	
jul				I	
jum				I	
jun				I	
juo				I	
jup				I	
jur				I	
jus				I	
jut				I	
juu				I	
juw				I	
juy				I	
jvn				I	
jwi				I	
jya				I	
jye				I	jrb
jyy				I	
kaa	kaa	kaa		I	
kab	kab	kab		I	
kac	kac	kac		I	
kad				I	
kaf				I	
kag				I	
kah				I	
kai				I	
kaj				I	
kak				I	
kal	kal	kal	kl	I	
kam	kam	kam		I	
kan	kan	kan	kn	I	
kao				I	
kap				I	
kaq				I	
kas	kas	kas	ks	I	
kat	geo	kat	ka	I	
kau	kau	kau	kr	M	
kav				I	
kax				I	
kay				I	
kaz	kaz	kaz	kk	I	
kbc				I	
kbd	kbd	kbd		I	
kbe				I	
kbg				I	
kbh				I	
kbi				I	
kbj				I	
kbk				I	
kbl				I	
kbm				I	
kbn				I	
kbo				I	
kbp				I	
kbq				I	
kbr				I	
kbs				I	
kbt				I	
kbu				I	
kbv				I	
kbw				I	
kbx				I	
kby				I	kau
kbz				I	
kca				I	
kcb				I	
kcc				I	
kcd				I	
kce				I	
kcf				I	
kcg				I	
kch				I	
kci				I	
kcj				I	
kck				I	
kcl				I	
kcm				I	
kcn				I	
kco				I	
kcp				I	
kcq				I	
kcr				I	
kcs				I	
kct				I	
kcu				I	
kcv				I	
kcw				I	
kcx				I	
kcy				I	
kcz				I	
kdc				I	
kdd				I	
kde				I	
kdf				I	
kdg				I	
kdh				I	
kdi				I	
kdj				I	
kdk				I	
kdl				I	
kdm				I	
kdn				I	
kdp				I	
kdq				I	
kdr				I	
kdt				I	
kdu				I	
kdw				I	
kdx				I	
kdy				I	
kdz				I	
kea				I	
keb				I	
kec				I	
ked				I	
kee				I	
kef				I	
keg				I	
keh				I	
kei				I	
kej				I	
kek				I	
kel				I	
kem				I	
ken				I	
keo				I	
kep				I	
keq				I	
ker				I	
kes				I	
ket				I	
keu				I	
kev				I	
kew				I	
kex				I	
key				I	
kez				I	
kfa				I	
kfb				I	
kfc				I	
kfd				I	
kfe				I	
kff				I	
kfg				I	
kfh				I	
kfi				I	
kfj				I	
kfk				I	
kfl				I	
kfm				I	
kfn				I	
kfo				I	
kfp				I	
kfq				I	
kfr				I	
kfs				I	
kft				I	
kfu				I	
kfv				I	
kfw				I	
kfx				I	
kfy				I	
kfz				I	
kga				I	
kgb				I	
kgc				I	
kgd				I	
kge				I	
kgf				I	
kgg				I	
kgi				I	
kgj				I	
kgk				I	
kgn				I	
kgo				I	
kgp				I	
kgq				I	
kgr				I	
kgs				I	
kgt				I	
kgu				I	
kgv				I	
kgw				I	
kgx				I	
kgy				I	
kha	kha	kha		I	
khb				I	
khc				I	
khd				I	
khe				I	
khf				I	
khg				I	
khh				I	
khj				I	
khk				I	mon
khl				I	
khm	khm	khm	km	I	
khn				I	
khp				I	
khq				I	
khr				I	
khs				I	
kht				I	
khu				I	
khv				I	
khw				I	
khx				I	
khy				I	
khz				I	
kia				I	
kib				I	
kic				I	
kid				I	
kie				I	
kif				I	
kig				I	
kih				I	
kij				I	
kik	kik	kik	ki	I	
kil				I	
kim				I	
kin	kin	kin	rw	I	
kio				I	
kip				I	
kiq				I	
kir	kir	kir	ky	I	
kis				I	
kit				I	
kiu				I	zza
kiv				I	
kiw				I	
kix				I	
kiy				I	
kiz				I	
kja				I	
kjb				I	
kjc				I	
kjd				I	
kje				I	
kjf				I	
kjg				I	
kjh				I	
kji				I	
kjj				I	
kjk				I	
kjl				I	
kjm				I	
kjn				I	
kjo				I	
kjp				I	
kjq				I	
kjr				I	
kjs				I	
kjt				I	
kju				I	
kjx				I	
kjy				I	
kjz				I	
kka				I	
kkb				I	
kkc				I	
kkd				I	
kke				I	
kkf				I	
kkg				I	
kkh				I	
kki				I	
kkj				I	
kkk				I	
kkl				I	
kkm				I	
kkn				I	
kko				I	
kkp				I	
kkq				I	
kkr				I	
kks				I	
kkt				I	
kku				I	
kkv				I	
kkw				I	
kkx				I	
kky				I	
kkz				I	
klb				I	
klc				I	
kld				I	
kle				I	
klf				I	
klg				I	
klh				I	
kli				I	
klj				I	
klk				I	
kll				I	
klm				I	
kln				M	
klo				I	
klp				I	
klq				I	
klr				I	
kls				I	
klt				I	
klu				I	
klv				I	
klw				I	
klx				I	
kly				I	
klz				I	
kma				I	
kmb	kmb	kmb		I	
kmc				I	
kmd				I	
kme				I	
kmf				I	
kmg				I	
kmh				I	
kmi				I	
kmj				I	
kmk				I	
kml				I	
kmm				I	
kmn				I	
kmo				I	
kmp				I	
kmq				I	
kmr				I	kur
kms				I	
kmt				I	
kmu				I	
kmv				I	
kmw				I	
kmx				I	
kmy				I	
kmz				I	
kna				I	
knb				I	
knc				I	kau
knd				I	
kne				I	
knf				I	
kng				I	kon
kni				I	
knj				I	
knk				I	
knl				I	
knm				I	
knn				I	kok
kno				I	
knp				I	
knq				I	
knr				I	
kns				I	
knt				I	
knu				I	
knv				I	
knw				I	
knx				I	
kny				I	
knz				I	
koa				I	
kod				I	
koe				I	
kog				I	
koh				I	
koi				I	kom
kok	kok	kok		M	
kol				I	
kom	kom	kom	kv	M	
kon	kon	kon	kg	M	
koo				I	
kop				I	
koq				I	
kor	kor	kor	ko	I	
kos	kos	kos		I	
kot				I	
kou				I	
kov				I	
kow				I	
koy				I	
koz				I	
kpa				I	
kpb				I	
kpc				I	
kpd				I	
kpe	kpe	kpe		M	
kpf				I	
kpg				I	
kph				I	
kpi				I	
kpj				I	
kpk				I	
kpl				I	
kpm				I	
kpo				I	
kpq				I	
kpr				I	
kps				I	
kpt				I	
kpu				I	
kpv				I	kom
kpw				I	
kpx				I	
kpy				I	
kpz				I	
kqa				I	
kqb				I	
kqc				I	
kqd				I	
kqe				I	
kqf				I	
kqg				I	
kqh				I	
kqi				I	
kqj				I	
kqk				I	
kql				I	
kqm				I	
kqn				I	
kqo				I	
kqp				I	
kqq				I	
kqr				I	
kqs				I	
kqt				I	
kqv				I	
kqw				I	
kqx				I	
kqy				I	
kra				I	
krc	krc	krc		I	
krd				I	
kre				I	
krf				I	
krh				I	
kri				I	
krj				I	
krl	krl	krl		I	
krm				I	
krn				I	
krp				I	
krr				I	
krs				I	
krt				I	kau
kru	kru	kru		I	
krv				I	
krw				I	
krx				I	
kry				I	
krz				I	
ksa				I	
ksb				I	
ksc				I	
ksd				I	
kse				I	
ksf				I	
ksg				I	
ksh				I	
ksi				I	
ksj				I	
ksk				I	
ksl				I	
ksm				I	
ksn				I	
kso				I	
ksp				I	
ksq				I	
ksr				I	
kss				I	
kst				I	
ksu				I	
ksv				I	
ksw				I	
ksx				I	
ksy				I	
ksz				I	
kta				I	
ktb				I	
ktc				I	
ktd				I	
kte				I	
ktf				I	
kth				I	
kti				I	
ktj				I	
ktl				I	
ktm				I	
ktn				I	
kto				I	
ktp				I	
ktr				I	
kts				I	
ktt				I	
ktu				I	
ktv				I	
ktx				I	
kty				I	
ktz				I	
kua	kua	kua	kj	I	
kub				I	
kuc				I	
kud				I	
kue				I	
kuf				I	
kug				I	
kuh				I	
kui				I	
kuj				I	
kuk				I	
kul				I	
kum	kum	kum		I	
kun				I	
kuo				I	
kup				I	
kuq				I	
kur	kur	kur	ku	M	
kus				I	
kut	kut	kut		I	
kuu				I	
kuv				I	
kuw				I	
kux				I	
kuy				I	
kva				I	
kvb				I	msa
kvc				I	
kvd				I	
kve				I	
kvf				I	
kvg				I	
kvh				I	
kvi				I	
kvj				I	
kvk				I	
kvl				I	
kvm				I	
kvn				I	
kvo				I	
kvp				I	
kvq				I	
kvr				I	msa
kvs				I	
kvt				I	
kvu				I	
kvv				I	
kvw				I	
kvx				I	
kvy				I	
kvz				I	
kwa				I	
kwb				I	
kwc				I	
kwd				I	
kwe				I	
kwf				I	
kwg				I	
kwh				I	
kwi				I	
kwj				I	
kwk				I	
kwl				I	
kwm				I	
kwn				I	
kwo				I	
kwp				I	
kwr				I	
kws				I	
kwt				I	
kwu				I	
kwv				I	
kww				I	
kwx				I	
kwy				I	kon
kxa				I	
kxb				I	
kxc				I	
kxd				I	msa
kxf				I	
kxh				I	
kxi				I	
kxj				I	
kxk				I	
kxl				I	
kxm				I	
kxn				I	
kxp				I	
kxq				I	
kxr				I	
kxs				I	
kxt				I	
kxu				I	
kxv				I	
kxw				I	
kxx				I	
kxy				I	
kxz				I	
kya				I	
kyb				I	
kyc				I	
kyd				I	
kye				I	
kyf				I	
kyg				I	
kyh				I	
kyi				I	
kyj				I	
kyk				I	
kyl				I	
kym				I	
kyn				I	
kyo				I	
kyp				I	
kyq				I	
kyr				I	
kys				I	
kyt				I	
kyu				I	
kyv				I	
kyw				I	
kyx				I	
kyy				I	
kyz				I	
kza				I	
kzb				I	
kzc				I	
kzd				I	
kze				I	
kzf				I	
kzg				I	
kzi				I	
kzj				I	
kzl				I	
kzm				I	
kzn				I	
kzo				I	
kzp				I	
kzq				I	
kzr				I	
kzs				I	
kzt				I	
kzu				I	
kzv				I	
kzx				I	
kzy				I	
kzz				I	
laa				I	
lac				I	
lad	lad	lad		I	
lae				I	
laf				I	
lag				I	
lah	lah	lah		M	
lai				I	
laj				I	
lak				I	
lal				I	
lam	lam	lam		I	
lan				I	
lao	lao	lao	lo	I	
lap				I	
laq				I	
lar				I	
las				I	
lau				I	
lav	lav	lav	lv	M	
law				I	
lax				I	
lay				I	
lbb				I	
lbc				I	
lbe				I	
lbf				I	
lbg				I	
lbi				I	
lbj				I	
lbk				I	bnc
lbl				I	bik
lbm				I	
lbn				I	
lbo				I	
lbq				I	
lbr				I	
lbs				I	
lbt				I	
lbu				I	
lbv				I	
lbw				I	
lbx				I	
lbz				I	
lcc				I	
lcd				I	
lce				I	msa
lcf				I	msa
lch				I	
lcl				I	
lcm				I	
lcp				I	
lcq				I	
lcs				I	
lda				I	
ldb				I	
ldd				I	
ldg				I	
ldh				I	
ldi				I	kon
ldj				I	
ldk				I	
ldl				I	
ldm				I	
ldo				I	
ldp				I	
ldq				I	
lea				I	
leb				I	
lec				I	
led				I	
lee				I	
lef				I	
leh				I	
lei				I	
lej				I	
lek				I	
lel				I	
lem				I	
leo				I	
lep				I	
leq				I	
ler				I	
les				I	
let				I	
leu				I	
lev				I	
lew				I	
lex				I	
ley				I	
lez	lez	lez		I	
lfa				I	
lga				I	
lgb				I	
lgg				I	
lgh				I	
lgi				I	
lgk				I	
lgl				I	
lgm				I	
lgn				I	
lgq				I	
lgr				I	
lgt				I	
lgu				I	
lgz				I	
lha				I	
lhh				I	
lhi				I	
lhl				I	
lhm				I	
lhn				I	
lhp				I	
lht				I	
lhu				I	
lia				I	
lib				I	
lic				I	
lid				I	
lie				I	
lif				I	
lig				I	
lih				I	
lij				I	
lik				I	
lil				I	
lim	lim	lim	li	I	
lin	lin	lin	ln	I	
lio				I	
lip				I	
liq				I	
lir				I	
lis				I	
lit	lit	lit	lt	I	
liu				I	
liv				I	
liw				I	msa
lix				I	
liy				I	
liz				I	
lje				I	
lji				I	
ljl				I	
ljp				I	
ljw				I	
lka				I	
lkb				I	luy
lkc				I	
lkd				I	
lke				I	
lkh				I	
lki				I	
lkj				I	
lkl				I	
lkn				I	
lko				I	luy
lkr				I	
lks				I	luy
lkt				I	
lky				I	
lla				I	
llb				I	
llc				I	
lld				I	
lle				I	
llg				I	
llh				I	
lli				I	
lll				I	
llm				I	
lln				I	
llo				I	
llp				I	
llq				I	
lls				I	
llu				I	
llx				I	
lma				I	
lmb				I	
lmd				I	
lme				I	
lmf				I	
lmg				I	
lmh				I	
lmi				I	
lmj				I	
lmk				I	
lml				I	
lmn				I	
lmo				I	
lmp				I	
lmq				I	
lmr				I	
lmu				I	
lmv				I	
lmw				I	
lmx				I	
lmy				I	
lna				I	
lnb				I	
lnd				I	
lnh				I	
lni				I	
lnl				I	
lnm				I	
lnn				I	
lno				I	
lns				I	
lnu				I	
lnz				I	
loa				I	
lob				I	
loc				I	
loe				I	
lof				I	
log				I	
loh				I	
loi				I	
loj				I	
lok				I	
lol	lol	lol		I	
lom				I	
lon				I	
loo				I	
lop				I	
loq				I	
lor				I	
los				I	
lot				I	
lou				I	
lov				I	
low				I	
lox				I	
loy				I	
loz	loz	loz		I	
lpa				I	
lpe				I	
lpn				I	
lpo				I	
lpx				I	
lra				I	
lrc				I	
lri				I	luy
lrk				I	
lrl				I	
lrm				I	luy
lrn				I	
lro				I	
lrr				I	
lrt				I	
lrv				I	
lrz				I	
lsa				I	
lsd				I	
lse				I	
lsg				I	
lsh				I	
lsi				I	
lsl				I	
lsm				I	luy
lso				I	
lsp				I	
lsr				I	
lss				I	
lst				I	
lsy				I	
ltg				I	lav
lti				I	
ltn				I	
lto				I	luy
lts				I	luy
ltu				I	
ltz	ltz	ltz	lb	I	
lua	lua	lua		I	
lub	lub	lub	lu	I	
luc				I	
lud				I	
lue				I	
luf				I	
lug	lug	lug	lg	I	
lui	lui	lui		I	
luj				I	
luk				I	
lul				I	
lum				I	
lun	lun	lun		I	
luo	luo	luo		I	
lup				I	
luq				I	
lur				I	
lus	lus	lus		I	
lut				I	
luu				I	
luv				I	
luw				I	
luy				M	
luz				I	
lva				I	
lvk				I	
lvs				I	lav
lvu				I	
lwa				I	
lwe				I	
lwg				I	luy
lwh				I	
lwl				I	
lwm				I	
lwo				I	
lwt				I	
lwu				I	
lww				I	
lya				I	
lyg				I	
lyn				I	
lzl				I	
lzn				I	
lzz				I	
maa				I	
mab				I	
mad	mad	mad		I	
mae				I	
maf				I	
mag	mag	mag		I	
mah	mah	mah	mh	I	
mai	mai	mai		I	
maj				I	
mak	mak	mak		I	
mal	mal	mal	ml	I	
mam				I	
man	man	man		M	
maq				I	
mar	mar	mar	mr	I	
mas	mas	mas		I	
mat				I	
mau				I	
mav				I	
maw				I	
max				I	msa
maz				I	
mba				I	
mbb				I	
mbc				I	
mbd				I	
mbf				I	
mbh				I	
mbi				I	
mbj				I	
mbk				I	
mbl				I	
mbm				I	
mbn				I	
mbo				I	
mbp				I	
mbq				I	
mbr				I	
mbs				I	
mbt				I	
mbu				I	
mbv				I	
mbw				I	
mbx				I	
mby				I	
mbz				I	
mca				I	
mcb				I	
mcc				I	
mcd				I	
mce				I	
mcf				I	
mcg				I	
mch				I	
mci				I	
mcj				I	
mck				I	
mcm				I	
mcn				I	
mco				I	
mcp				I	
mcq				I	
mcr				I	
mcs				I	
mct				I	
mcu				I	
mcv				I	
mcw				I	
mcx				I	
mcy				I	
mcz				I	
mda				I	
mdb				I	
mdc				I	
mdd				I	
mde				I	
mdf	mdf	mdf		I	
mdg				I	
mdh				I	
mdi				I	
mdj				I	
mdk				I	
mdl				I	
mdm				I	
mdn				I	
mdp				I	
mdq				I	
mdr	mdr	mdr		I	
mds				I	
mdt				I	
mdu				I	
mdv				I	
mdw				I	
mdx				I	
mdy				I	
mdz				I	
mea				I	
meb				I	
mec				I	
med				I	
mee				I	
mef				I	
meh				I	
mei				I	
mej				I	
mek				I	
mel				I	
men	men	men		I	
meo				I	msa
mep				I	
meq				I	
mer				I	
mes				I	
met				I	
meu				I	
mev				I	
mew				I	
mey				I	
mez				I	
mfa				I	msa
mfb				I	msa
mfc				I	
mfd				I	
mfe				I	
mff				I	
mfg				I	
mfh				I	
mfi				I	
mfj				I	
mfk				I	
mfl				I	
mfm				I	
mfn				I	
mfo				I	
mfp				I	
mfq				I	
mfr				I	
mfs				I	
mft				I	
mfu				I	
mfv				I	
mfx				I	
mfy				I	
mfz				I	
mgb				I	
mgc				I	
mgd				I	
mge				I	
mgf				I	
mgg				I	
mgh				I	
mgi				I	
mgj				I	
mgk				I	
mgl				I	
mgm				I	
mgn				I	
mgo				I	
mgp				I	
mgq				I	
mgr				I	
mgs				I	
mgt				I	
mgu				I	
mgv				I	
mgw				I	
mgy				I	
mgz				I	
mha				I	
mhb				I	
mhc				I	
mhd				I	
mhe				I	
mhf				I	
mhg				I	
mhi				I	
mhj				I	
mhk				I	
mhl				I	
mhm				I	
mhn				I	
mho				I	
mhp				I	
mhq				I	
mhr				I	chm
mhs				I	
mht				I	
mhu				I	
mhw				I	
mhx				I	
mhy				I	
mhz				I	
mia				I	
mib				I	
mic	mic	mic		I	
mid				I	
mie				I	
mif				I	
mig				I	
mih				I	
mii				I	
mij				I	
mik				I	
mil				I	
mim				I	
min	min	min		I	msa
mio				I	
mip				I	
miq				I	
mir				I	
mit				I	
miu				I	
miw				I	
mix				I	
miy				I	
miz				I	
mjc				I	
mjd				I	
mjg				I	
mjh				I	
mji				I	
mjj				I	
mjk				I	
mjl				I	
mjm				I	
mjn				I	
mjo				I	
mjp				I	
mjr				I	
mjs				I	
mjt				I	
mju				I	
mjv				I	
mjw				I	
mjx				I	
mjz				I	
mka				I	
mkb				I	
mkc				I	
mkd	mac	mkd	mk	I	
mke				I	
mkf				I	
mkg				I	
mki				I	
mkj				I	
mkk				I	
mkl				I	
mkm				I	
mkn				I	
mko				I	
mkp				I	
mkr				I	
mks				I	
mkt				I	
mku				I	man
mkv				I	
mkw				I	
mkx				I	
mky				I	
mkz				I	
mla				I	
mlb				I	
mlc				I	
mle				I	
mlf				I	
mlg	mlg	mlg	mg	M	
mlh				I	
mli				I	
mlj				I	
mlk				I	
mll				I	
mlm				I	
mln				I	
mlo				I	
mlp				I	
mlq				I	man
mlr				I	
mls				I	
mlt	mlt	mlt	mt	I	
mlu				I	
mlv				I	
mlw				I	
mlx				I	
mlz				I	
mma				I	
mmb				I	
mmc				I	
mmd				I	
mme				I	
mmf				I	
mmg				I	
mmh				I	
mmi				I	
mmj				I	
mmk				I	
mml				I	
mmm				I	
mmn				I	
mmo				I	
mmp				I	
mmq				I	
mmr				I	hmn
mmt				I	
mmu				I	
mmw				I	
mmx				I	
mmy				I	
mmz				I	
mna				I	
mnb				I	
mnc	mnc	mnc		I	
mnd				I	
mne				I	
mnf				I	
mng				I	
mnh				I	
mni	mni	mni		I	
mnj				I	
mnk				I	man
mnl				I	
mnm				I	
mnn				I	
mnp				I	zho
mnq				I	
mnr				I	
mns				I	
mnu				I	
mnv				I	
mnw				I	
mnx				I	
mny				I	
mnz				I	
moa				I	
moc				I	
moe				I	
mog				I	
moh	moh	moh		I	
moi				I	
moj				I	
mok				I	
mon	mon	mon	mn	M	
moo				I	
mop				I	
moq				I	
mor				I	
mos	mos	mos		I	
mot				I	
mou				I	
mov				I	
mow				I	
mox				I	
moy				I	
moz				I	
mpa				I	
mpb				I	
mpc				I	
mpd				I	
mpe				I	
mpg				I	
mph				I	
mpi				I	
mpj				I	
mpk				I	
mpl				I	
mpm				I	
mpn				I	
mpo				I	
mpp				I	
mpq				I	
mpr				I	
mps				I	
mpt				I	
mpu				I	
mpv				I	
mpw				I	
mpx				I	
mpy				I	
mpz				I	
mqa				I	
mqb				I	
mqc				I	
mqe				I	
mqf				I	
mqg				I	msa
mqh				I	
mqi				I	
mqj				I	
mqk				I	
mql				I	
mqm				I	
mqn				I	
mqo				I	
mqp				I	
mqq				I	
mqr				I	
mqs				I	
mqt				I	
mqu				I	
mqv				I	
mqw				I	
mqx				I	
mqy				I	
mqz				I	
mra				I	
mrb				I	
mrc				I	
mrd				I	
mrf				I	
mrg				I	
mrh				I	
mri	mao	mri	mi	I	
mrj				I	chm
mrk				I	
mrl				I	
mrm				I	
mrn				I	
mro				I	
mrp				I	
mrq				I	
mrr				I	
mrs				I	
mrt				I	
mru				I	
mrv				I	
mrw				I	
mrx				I	
mry				I	
mrz				I	
msa	may	msa	ms	M	
msb				I	
msc				I	man
msd				I	
mse				I	
msf				I	
msg				I	
msh				I	mlg
msi				I	msa
msj				I	
msk				I	
msl				I	
msm				I	
msn				I	
mso				I	
msq				I	
msr				I	
mss				I	
msu				I	
msv				I	
msw				I	
msx				I	
msy				I	
msz				I	
mta				I	
mtb				I	
mtc				I	
mtd				I	
mte				I	
mtf				I	
mtg				I	
mth				I	
mti				I	
mtj				I	
mtk				I	
mtl				I	
mto				I	
mtp				I	
mtq				I	
mtr				I	mwr
mts				I	
mtt				I	
mtu				I	
mtv				I	
mtw				I	
mtx				I	
mty				I	
mua				I	
mub				I	
muc				I	
mud				I	
mue				I	
mug				I	
muh				I	
mui				I	msa
muj				I	
muk				I	
mum				I	
muo				I	
mup				I	raj
muq				I	hmn
mur				I	
mus	mus	mus		I	
mut				I	
muu				I	
muv				I	
mux				I	
muy				I	
muz				I	
mva				I	
mvd				I	
mve				I	mwr
mvf				I	mon
mvg				I	
mvh				I	
mvi				I	
mvk				I	
mvm				I	
mvn				I	
mvo				I	
mvp				I	
mvq				I	
mvr				I	
mvs				I	
mvt				I	
mvu				I	
mvv				I	
mvw				I	
mvx				I	
mvy				I	
mvz				I	
mwa				I	
mwb				I	
mwc				I	
mwe				I	
mwf				I	
mwg				I	
mwh				I	
mwi				I	
mwk				I	man
mwl	mwl	mwl		I	
mwm				I	
mwn				I	
mwo				I	
mwp				I	
mwq				I	
mwr	mwr	mwr		M	
mws				I	
mwt				I	
mwv				I	
mww				I	hmn
mwx				I	
mwy				I	
mwz				I	
mxa				I	
mxb				I	
mxc				I	
mxd				I	
mxe				I	
mxf				I	
mxg				I	
mxh				I	
mxj				I	
mxk				I	
mxl				I	
mxm				I	
mxn				I	
mxo				I	
mxp				I	
mxq				I	
mxr				I	
mxs				I	
mxt				I	
mxu				I	
mxv				I	
mxw				I	
mxx				I	
mxy				I	
mxz				I	
mya	bur	mya	my	I	
myb				I	
myc				I	
myd				I	
mye				I	
myf				I	
myg				I	
myh				I	
myi				I	
myj				I	
myk				I	
myl				I	
mym				I	
myo				I	
myp				I	
myr				I	
myu				I	
myv	myv	myv		I	
myw				I	
myx				I	
myy				I	
mza				I	
mzb				I	
mzc				I	
mzd				I	
mze				I	
mzg				I	
mzh				I	
mzi				I	
mzj				I	
mzk				I	
mzl				I	
mzm				I	
mzn				I	
mzp				I	
mzq				I	
mzr				I	
mzs				I	
mzt				I	
mzu				I	
mzv				I	
mzw				I	
mzx				I	
mzy				I	
mzz				I	
naa				I	
nab				I	
nac				I	
nad				I	
nae				I	
naf				I	
nag				I	
naj				I	
nak				I	
nal				I	
nam				I	
nan				I	zho
nao				I	
nap	nap	nap		I	
naq				I	
nar				I	
nas				I	
nat				I	
nau	nau	nau	na	I	
nav	nav	nav	nv	I	
naw				I	
nax				I	
naz				I	
nba				I	
nbb				I	
nbc				I	
nbd				I	
nbe				I	
nbg				I	
nbh				I	
nbi				I	
nbj				I	
nbk				I	
nbl	nbl	nbl	nr	I	
nbm				I	
nbn				I	
nbo				I	
nbp				I	
nbq				I	
nbr				I	
nbs				I	
nbt				I	
nbu				I	
nbv				I	
nbw				I	
nby				I	
nca				I	
ncb				I	
ncc				I	
ncd				I	
nce				I	
ncf				I	
ncg				I	
nch				I	
ncj				I	
nck				I	
ncl				I	
ncm				I	
ncn				I	
nco				I	
ncp				I	
ncr				I	
ncs				I	
nct				I	
ncu				I	
ncx				I	
nda				I	
ndb				I	
ndc				I	
ndd				I	
nde	nde	nde	nd	I	
ndg				I	
ndh				I	
ndi				I	
ndj				I	
ndk				I	
ndl				I	
ndm				I	
ndn				I	
ndo	ndo	ndo	ng	I	
ndp				I	
ndq				I	
ndr				I	
nds	nds	nds		I	
ndt				I	
ndu				I	
ndv				I	
ndw				I	
ndx				I	
ndy				I	
ndz				I	
nea				I	
neb				I	
nec				I	
ned				I	
nee				I	
nef				I	
neg				I	
neh				I	
nej				I	
nek				I	
nem				I	
nen				I	
neo				I	
nep	nep	nep	ne	M	
neq				I	
ner				I	
nes				I	
net				I	
nev				I	
new	new	new		I	
nex				I	
ney				I	
nez				I	
nfa				I	
nfd				I	
nfl				I	
nfr				I	
nfu				I	
nga				I	
ngb				I	
ngc				I	
ngd				I	
nge				I	
ngg				I	
ngh				I	
ngi				I	
ngj				I	
ngk				I	
ngl				I	
ngm				I	
ngn				I	
ngo				I	
ngp				I	
ngq				I	
ngr				I	
ngs				I	
ngt				I	
ngu				I	
ngw				I	
ngx				I	
ngy				I	
ngz				I	
nha				I	
nhb				I	
nhd				I	grn
nhe				I	
nhf				I	
nhg				I	
nhh				I	
nhi				I	
nhk				I	
nhm				I	
nhn				I	
nho				I	
nhp				I	
nhq				I	
nhr				I	
nht				I	
nhu				I	
nhv				I	
nhw				I	
nhx				I	
nhy				I	
nhz				I	
nia	nia	nia		I	
nib				I	
nie				I	
nif				I	
nih				I	
nii				I	
nij				I	
nik				I	
nil				I	
nim				I	
nin				I	
nio				I	
niq				I	kln
nir				I	
nis				I	
nit				I	
niu	niu	niu		I	
niv				I	
niw				I	
nix				I	
niy				I	
niz				I	
nja				I	
njb				I	
njd				I	
njh				I	
nji				I	
njj				I	
njl				I	
njm				I	
njn				I	
njo				I	
njr				I	
njs				I	
njt				I	
nju				I	
njx				I	
njy				I	
njz				I	
nka				I	
nkb				I	
nkc				I	
nkd				I	
nke				I	
nkf				I	
nkg				I	
nkh				I	
nki				I	
nkj				I	
nkk				I	
nkm				I	
nkn				I	
nko				I	
nkq				I	
nkr				I	
nks				I	
nkt				I	
nku				I	
nkv				I	
nkw				I	
nkx				I	
nkz				I	
nla				I	
nlc				I	
nld	dut	nld	nl	I	
nle				I	luy
nlg				I	
nli				I	
nlj				I	
nlk				I	
nll				I	
nlo				I	
nlq				I	
nlu				I	
nlv				I	
nlx				I	
nly				I	
nlz				I	
nma				I	
nmb				I	
nmc				I	
nmd				I	
nme				I	
nmf				I	
nmg				I	
nmh				I	
nmi				I	
nmj				I	
nmk				I	
nml				I	
nmm				I	
nmn				I	
nmo				I	
nmq				I	
nms				I	
nmt				I	
nmu				I	
nmw				I	
nmx				I	
nmy				I	
nmz				I	
nna				I	
nnb				I	
nnc				I	
nnd				I	
nne				I	
nnf				I	
nng				I	
nnh				I	
nni				I	
nnj				I	
nnk				I	
nnl				I	
nnm				I	
nnn				I	
nno	nno	nno	nn	I	nor
nnp				I	
nnq				I	
nns				I	
nnu				I	
nnw				I	
nnz				I	
noa				I	
nob	nob	nob	nb	I	nor
noc				I	
nod				I	
noe				I	
nof				I	
nog	nog	nog		I	
noh				I	
noi				I	
noj				I	
nop				I	
noq				I	
nor	nor	nor	no	M	
nos				I	
not				I	
nou				I	
now				I	
noy				I	
noz				I	
npa				I	
npb				I	
npg				I	
nph				I	
npi				I	nep
npl				I	
npn				I	
npo				I	
nps				I	
npu				I	
npy				I	
nqg				I	
nqk				I	
nqm				I	
nqn				I	
nqo	nqo	nqo		I	
nqq				I	
nqy				I	
nra				I	
nrb				I	
nre				I	
nrf				I	
nrg				I	
nri				I	
nrk				I	
nrl				I	
nrm				I	
nru				I	
nrz				I	
nsa				I	
nsc				I	
nsd				I	
nse				I	
nsf				I	
nsg				I	
nsh				I	
nsi				I	
nsk				I	
nsl				I	
nsm				I	
nsn				I	
nso	nso	nso		I	
nsp				I	
nsq				I	
nsr				I	
nss				I	
nst				I	
nsu				I	
nsv				I	
nsw				I	
nsx				I	
nsy				I	
nsz				I	
nte				I	
nti				I	
ntj				I	
ntk				I	
ntm				I	
nto				I	
ntp				I	
ntr				I	
ntu				I	
ntx				I	
nty				I	
ntz				I	
nua				I	
nud				I	
nue				I	
nuf				I	
nuh				I	
nui				I	
nuj				I	
nuk				I	
nul				I	
num				I	
nun				I	
nuo				I	
nup				I	
nuq				I	
nur				I	
nus				I	
nut				I	
nuu				I	
nuv				I	
nuw				I	
nux				I	
nuy				I	
nuz				I	
nvh				I	
nvm				I	
nvo				I	
nwb				I	
nwe				I	
nwi				I	
nwm				I	
nwr				I	
nxa				I	
nxd				I	
nxe				I	
nxg				I	
nxi				I	
nxk				I	
nxl				I	
nxo				I	
nxq				I	
nxr				I	
nxx				I	
nya	nya	nya	ny	I	
nyb				I	
nyc				I	
nyd				I	luy
nye				I	
nyf				I	
nyg				I	
nyh				I	
nyi				I	
nyj				I	
nyk				I	
nyl				I	
nym	nym	nym		I	
nyn	nyn	nyn		I	
nyo	nyo	nyo		I	
nyq				I	
nyr				I	
nys				I	
nyu				I	
nyw				I	
nyy				I	
nza				I	
nzb				I	
nzi	nzi	nzi		I	
nzk				I	
nzm				I	
nzs				I	
nzu				I	
nzy				I	
nzz				I	
oaa				I	
oac				I	
obk				I	bnc
obl				I	
obo				I	
obu				I	
oca				I	
oci	oci	oci	oc	I	
ocu				I	
oda				I	
odk				I	
odu				I	
ofu				I	
ogb				I	
ogc				I	
ogg				I	
ogo				I	
ogu				I	
oia				I	
oin				I	
ojb				I	oji
ojc				I	oji
ojg				I	oji
oji	oji	oji	oj	M	
ojs				I	oji
ojv				I	
ojw				I	oji
oka				I	
okb				I	
okd				I	
oke				I	
okh				I	
oki				I	kln
okk				I	
okn				I	
okr				I	
oks				I	
oku				I	
okv				I	
okx				I	
ola				I	
old				I	
ole				I	
olm				I	
olo				I	
olr				I	
oma				I	
omb				I	
omg				I	
omi				I	
oml				I	
omo				I	
omt				I	
omw				I	
ona				I	
onb				I	
one				I	
ong				I	
oni				I	
onj				I	
onk				I	
onn				I	
ono				I	
onp				I	
onr				I	
ons				I	
ont				I	
onu				I	
onx				I	
ood				I	
oog				I	
oon				I	
oor				I	
opa				I	
opk				I	
opm				I	
opo				I	
opy				I	
ora				I	
orc				I	orm
ore				I	
org				I	
orh				I	
ori	ori	ori	or	M	
orm	orm	orm	om	M	
orn				I	msa
oro				I	
orr				I	
ors				I	msa
ort				I	
oru				I	
orw				I	
orx				I	
ory				I	ori
orz				I	
osa	osa	osa		I	
osi				I	
oso				I	
oss	oss	oss	os	I	
ost				I	
osu				I	
otd				I	
ote				I	
otl				I	
otm				I	
otn				I	
otq				I	
otr				I	
ots				I	
ott				I	
otw				I	oji
otx				I	
otz				I	
oua				I	
oub				I	
oue				I	
owi				I	
oyb				I	
oyd				I	
oym				I	
oyy				I	
ozm				I	
pab				I	
pac				I	
pad				I	
pae				I	
pag	pag	pag		I	
pah				I	
pai				I	
pak				I	
pam	pam	pam		I	
pan	pan	pan	pa	I	
pao				I	
pap	pap	pap		I	
paq				I	
par				I	
pas				I	
pat				I	
pau	pau	pau		I	
pav				I	
paw				I	
pay				I	
pbb				I	
pbc				I	
pbe				I	
pbf				I	
pbh				I	
pbi				I	
pbl				I	
pbn				I	
pbo				I	
pbp				I	
pbr				I	
pbs				I	
pbt				I	pus
pbu				I	pus
pbv				I	
pby				I	
pca				I	
pcb				I	
pcc				I	
pcd				I	
pce				I	
pcf				I	
pcg				I	
pch				I	
pci				I	
pcj				I	
pck				I	
pcl				I	
pcm				I	
pcn				I	
pcp				I	
pcw				I	
pda				I	
pdc				I	
pdi				I	
pdn				I	
pdo				I	
pdt				I	
pdu				I	
pea				I	
ped				I	
pee				I	
peg				I	
peh				I	
pei				I	
pek				I	
pel				I	msa
pem				I	
pep				I	
peq				I	
pes				I	fas
pev				I	
pex				I	
pey				I	
pez				I	
pfa				I	
pfe				I	
pfl				I	
pga				I	ara
pgg				I	
pgi				I	
pgk				I	
pgs				I	
pgu				I	
pha				I	
phd				I	
phg				I	
phh				I	
phk				I	
phl				I	
phm				I	
pho				I	
phq				I	
phr				I	lah
pht				I	
phu				I	
phv				I	
phw				I	
pia				I	
pib				I	
pic				I	
pid				I	
pif				I	
pig				I	
pih				I	
pii				I	
pil				I	
pin				I	
pio				I	
pip				I	
pir				I	
pis				I	
piu				I	
piv				I	
piw				I	
pix				I	
piy				I	
piz				I	
pjt				I	
pkb				I	
pkg				I	
pkh				I	
pkn				I	
pko				I	kln
pkp				I	
pkr				I	
pks				I	
pkt				I	
pku				I	
pla				I	
plb				I	
plc				I	
pld				I	
ple				I	
plg				I	
plh				I	
plj				I	
plk				I	
pll				I	
pln				I	
plo				I	
plp				I	
plr				I	
pls				I	
plt				I	mlg
plu				I	
plv				I	
plw				I	
ply				I	
plz				I	
pma				I	
pmb				I	
pme				I	
pmf				I	
pmi				I	
pmj				I	
pmm				I	
pmn				I	
pmo				I	
pmq				I	
pmr				I	
pms				I	
pmt				I	
pmw				I	
pmx				I	
pmy				I	
pna				I	
pnb				I	lah
pnc				I	
pne				I	
png				I	
pnh				I	
pni				I	
pnk				I	
pnl				I	
pnm				I	
pnn				I	
pnp				I	
pnq				I	
pnr				I	
pns				I	
pnt				I	
pnu				I	
pnv				I	
pnw				I	
pnx				I	
pny				I	
pnz				I	
poc				I	
poe				I	
pof				I	
poh				I	
poi				I	
pok				I	
pol	pol	pol	pl	I	
pom				I	
pon	pon	pon		I	
poo				I	
pop				I	
poq				I	
por	por	por	pt	I	
pos				I	
pot				I	
pov				I	
pow				I	
poy				I	
ppa				I	
ppe				I	
ppi				I	
ppk				I	
ppl				I	
ppm				I	
ppn				I	
ppo				I	
ppp				I	
ppq				I	
pps				I	
ppt				I	
pqa				I	
pqm				I	
prb				I	
prc				I	
prd				I	
pre				I	
prf				I	
prg				I	
prh				I	
pri				I	
prk				I	
prl				I	
prm				I	
prn				I	
prp				I	
prq				I	
prs				I	fas
prt				I	
pru				I	
prw				I	
prx				I	
pry				I	
prz				I	
psa				I	
psc				I	
psd				I	
pse				I	msa
psg				I	
psh				I	
psi				I	
psl				I	
psn				I	
pso				I	
psp				I	
psq				I	
psr				I	
pss				I	
pst				I	pus
psw				I	
pta				I	
pti				I	
ptn				I	
pto				I	
ptp				I	
ptq				I	
ptr				I	
ptt				I	
ptu				I	
ptv				I	
pty				I	
pua				I	
pub				I	
puc				I	
pud				I	
puf				I	
pug				I	
pui				I	
puj				I	
puk				I	
pum				I	
puo				I	
pup				I	
pur				I	
pus	pus	pus	ps	M	
put				I	
puu				I	
puw				I	
pux				I	
pwa				I	
pwb				I	
pwg				I	
pwm				I	
pwn				I	
pwo				I	
pwr				I	
pww				I	
pxm				I	
pye				I	
pym				I	
pyn				I	
pys				I	
pyu				I	
pyy				I	
pzn				I	
qua				I	
qub				I	que
quc				I	
qud				I	que
que	que	que	qu	M	
quf				I	que
qug				I	que
quh				I	que
qui				I	
quk				I	que
qul				I	que
qum				I	
qup				I	que
quq				I	
qur				I	que
qus				I	que
quv				I	
quw				I	que
qux				I	que
quy				I	que
quz				I	que
qva				I	que
qvc				I	que
qve				I	que
qvh				I	que
qvi				I	que
qvj				I	que
qvl				I	que
qvm				I	que
qvn				I	que
qvo				I	que
qvp				I	que
qvs				I	que
qvw				I	que
qvy				I	
qvz				I	que
qwa				I	que
qwh				I	que
qws				I	que
qxa				I	que
qxc				I	que
qxh				I	que
qxl				I	que
qxn				I	que
qxo				I	que
qxp				I	que
qxq				I	
qxr				I	que
qxs				I	
qxt				I	que
qxu				I	que
qxw				I	que
raa				I	
rab				I	
rac				I	
rad				I	
raf				I	
rag				I	luy
rah				I	
rai				I	
raj	raj	raj		M	
rak				I	
ral				I	
ram				I	
ran				I	
rao				I	
rap	rap	rap		I	
raq				I	
rar	rar	rar		I	
ras				I	
rat				I	
rau				I	
rav				I	
raw				I	
rax				I	
ray				I	
raz				I	
rbb				I	
rbk				I	bnc
rbl				I	bik
rcf				I	
rdb				I	
rea				I	
reb				I	
ree				I	
reg				I	
rei				I	
rej				I	
rel				I	
ren				I	
res				I	
ret				I	
rey				I	
rga				I	
rge				I	
rgn				I	
rgr				I	
rgs				I	
rgu				I	
rhg				I	
rhp				I	
ria				I	
rie				I	
rif				I	
ril				I	
rim				I	
rin				I	
rir				I	
rit				I	
riu				I	
rjg				I	
rji				I	
rjs				I	
rka				I	
rkb				I	
rkh				I	
rki				I	
rkm				I	
rkt				I	
rma				I	
rmb				I	
rmc				I	rom
rme				I	
rmf				I	rom
rmg				I	
rmh				I	
rmi				I	
rmk				I	
rml				I	rom
rmm				I	
rmn				I	rom
rmo				I	rom
rmp				I	
rmq				I	
rms				I	
rmt				I	
rmu				I	
rmw				I	rom
rmx				I	
rmy				I	rom
rmz				I	
rnd				I	
rng				I	
rnl				I	
rnn				I	
rnp				I	
rnw				I	
rob				I	
roc				I	
rod				I	
roe				I	
rof				I	
rog				I	
roh	roh	roh	rm	I	
rol				I	
rom	rom	rom		M	
ron	rum	ron	ro	I	
roo				I	
rop				I	
ror				I	
rou				I	
row				I	
rpn				I	
rpt				I	
rri				I	
rro				I	
rsb				I	
rsi				I	
rsl				I	
rtc				I	
rth				I	
rtm				I	
rtw				I	
rub				I	
ruc				I	
rue				I	
ruf				I	
rug				I	
ruh				I	
rui				I	
ruk				I	
run	run	run	rn	I	
ruo				I	
rup	rup	rup		I	
ruq				I	
rus	rus	rus	ru	I	
rut				I	
ruu				I	
ruy				I	
ruz				I	
rwa				I	
rwk				I	
rwm				I	
rwo				I	
rwr				I	mwr
rxd				I	
ryn				I	
rys				I	
ryu				I	
saa				I	
sab				I	
sac				I	
sad	sad	sad		I	
sae				I	
saf				I	
sag	sag	sag	sg	I	
sah	sah	sah		I	
saj				I	
sak				I	
sao				I	
saq				I	
sas	sas	sas		I	
sat	sat	sat		I	
sau				I	
sav				I	
saw				I	
sax				I	
say				I	
saz				I	
sba				I	
sbb				I	
sbc				I	
sbd				I	
sbe				I	
sbf				I	
sbg				I	
sbh				I	
sbi				I	
sbj				I	
sbk				I	
sbl				I	
sbm				I	
sbn				I	
sbo				I	
sbp				I	
sbq				I	
sbr				I	
sbs				I	
sbt				I	
sbu				I	
sbw				I	
sbx				I	
sby				I	
sbz				I	
scb				I	
sce				I	
scf				I	
scg				I	
sch				I	
sci				I	
sck				I	
scl				I	
scn	scn	scn		I	
sco	sco	sco		I	
scp				I	
scq				I	
scs				I	den
scu				I	
scv				I	
scw				I	
sda				I	
sdb				I	
sdc				I	srd
sde				I	
sdf				I	
sdg				I	
sdh				I	kur
sdj				I	
sdk				I	
sdl				I	
sdm				I	
sdn				I	srd
sdo				I	
sdp				I	
sdr				I	
sdu				I	
sdx				I	
sdz				I	
sea				I	
seb				I	
sec				I	
sed				I	
see				I	
sef				I	
seg				I	
seh				I	
sei				I	
sej				I	
sek				I	
sel	sel	sel		I	
sen				I	
seo				I	
sep				I	
seq				I	
ser				I	
ses				I	
set				I	
seu				I	
sev				I	
sew				I	
sey				I	
sez				I	
sfb				I	
sfe				I	
sfm				I	hmn
sfs				I	
sfw				I	
sgb				I	
sgc				I	kln
sgd				I	
sge				I	
sgg				I	
sgh				I	
sgi				I	
sgj				I	
sgk				I	
sgp				I	
sgr				I	
sgs				I	
sgt				I	
sgu				I	
sgw				I	
sgx				I	
sgy				I	
sgz				I	
sha				I	
shb				I	
shc				I	
shd				I	
she				I	
shg				I	
shh				I	
shi				I	
shj				I	
shk				I	
shl				I	
shm				I	
shn	shn	shn		I	
sho				I	
shp				I	
shq				I	
shr				I	
shs				I	
shu				I	ara
shv				I	
shw				I	
shx				I	
shy				I	
shz				I	
sib				I	
sid	sid	sid		I	
sie				I	
sif				I	
sig				I	
sih				I	
sii				I	
sij				I	
sik				I	
sil				I	
sim				I	
sin	sin	sin	si	I	
sip				I	
siq				I	
sir				I	
siu				I	
siv				I	
siw				I	
six				I	
siy				I	
siz				I	
sja				I	
sjb				I	
sjd				I	
sje				I	
sjg				I	
sjl				I	
sjm				I	
sjo				I	
sjp				I	
sjr				I	
sjt				I	
sju				I	
sjw				I	
ska				I	
skb				I	
skc				I	
skd				I	
ske				I	
skf				I	
skg				I	mlg
skh				I	
ski				I	
skj				I	
skk				I	
skm				I	
skn				I	
sko				I	
skp				I	
skq				I	
skr				I	lah
sks				I	
skt				I	
sku				I	
skv				I	
skx				I	
sky				I	
skz				I	
slc				I	
sld				I	
sle				I	
slf				I	
slg				I	
slh				I	
sli				I	
slj				I	
slk	slo	slk	sk	I	
sll				I	
slm				I	
slp				I	
slq				I	
slr				I	
sls				I	
slt				I	
slu				I	
slv	slv	slv	sl	I	
slw				I	
slx				I	
sly				I	
slz				I	
sma	sma	sma		I	
smb				I	
smd				I	
sme	sme	sme	se	I	
smf				I	
smg				I	
smh				I	
smj	smj	smj		I	
smk				I	
sml				I	
smm				I	
smn	smn	smn		I	
smo	smo	smo	sm	I	
smq				I	
smr				I	
sms	sms	sms		I	
smt				I	
smv				I	
smw				I	
smx				I	
smy				I	
smz				I	
sna	sna	sna	sn	I	
snb				I	
snc				I	
snd	snd	snd	sd	I	
sne				I	
snf				I	
sng				I	
snj				I	
snk	snk	snk		I	
snl				I	
snm				I	
snn				I	
sno				I	
snp				I	
snq				I	
snr				I	
sns				I	
snu				I	
snv				I	
snw				I	
snx				I	
sny				I	
snz				I	
soa				I	
sob				I	
soc				I	
sod				I	
soe				I	
soh				I	
soi				I	
soj				I	
sok				I	
sol				I	
som	som	som	so	I	
soo				I	
sop				I	
soq				I	
sor				I	
sos				I	
sot	sot	sot	st	I	
sou				I	
sov				I	
sow				I	
sox				I	
soy				I	
soz				I	
spa	spa	spa	es	I	
spb				I	
spc				I	
spd				I	
spe				I	
spg				I	
spi				I	
spk				I	
spl				I	
spm				I	
spn				I	
spo				I	
spp				I	
spq				I	
spr				I	
sps				I	
spt				I	
spu				I	
spv				I	ori
spy				I	kln
sqa				I	
sqh				I	
sqi	alb	sqi	sq	M	
sqk				I	
sqm				I	
sqo				I	
sqq				I	
sqs				I	
sqt				I	
squ				I	
sra				I	
srb				I	
src				I	srd
srd	srd	srd	sc	M	
sre				I	
srf				I	
srg				I	
srh				I	
sri				I	
srk				I	
srl				I	
srm				I	
srn	srn	srn		I	
sro				I	srd
srp	srp	srp	sr	I	hbs
srq				I	
srr	srr	srr		I	
srs				I	
srt				I	
sru				I	
srv				I	
srw				I	
srx				I	
sry				I	
srz				I	
ssb				I	
ssc				I	
ssd				I	
sse				I	
ssf				I	
ssg				I	
ssh				I	ara
ssi				I	
ssj				I	
ssk				I	
ssl				I	
ssm				I	
ssn				I	
sso				I	
ssp				I	
ssq				I	
ssr				I	
sss				I	
sst				I	
ssu				I	
ssv				I	
ssw	ssw	ssw	ss	I	
ssx				I	
ssy				I	
ssz				I	
sta				I	
stb				I	
std				I	
ste				I	
stf				I	
stg				I	
sth				I	
sti				I	
stj				I	
stk				I	
stl				I	
stm				I	
stn				I	
sto				I	
stp				I	
stq				I	
str				I	
sts				I	
stt				I	
stu				I	
stv				I	
stw				I	
sty				I	
sua				I	
sub				I	
suc				I	
sue				I	
sug				I	
sui				I	
suj				I	
suk	suk	suk		I	
sun	sun	sun	su	I	
suq				I	
sur				I	
sus	sus	sus		I	
suv				I	
suw				I	
suy				I	
suz				I	
sva				I	
svb				I	
svc				I	
sve				I	
svk				I	
svm				I	
svr				I	
svs				I	
swa	swa	swa	sw	M	
swb				I	
swc				I	swa
swe	swe	swe	sv	I	
swf				I	
swg				I	
swh				I	swa
swi				I	
swj				I	
swk				I	
swl				I	
swm				I	
swn				I	
swo				I	
swp				I	
swq				I	
swr				I	
sws				I	
swt				I	
swu				I	
swv				I	mwr
swx				I	
swy				I	
sxb				I	
sxe				I	
sxg				I	
sxm				I	
sxn				I	
sxr				I	
sxs				I	
sxu				I	
sxw				I	
sya				I	
syb				I	
syi				I	
syk				I	
syl				I	
sym				I	
syn				I	
syo				I	
syr	syr	syr		M	
sys				I	
syw				I	
syx				I	
syy				I	
sza				I	
szb				I	
szc				I	
sze				I	
szg				I	
szl				I	
szn				I	
szp				I	
szv				I	
szw				I	
taa				I	
tab				I	
tac				I	
tad				I	
tae				I	
taf				I	
tag				I	
tah	tah	tah	ty	I	
taj				I	
tak				I	
tal				I	
tam	tam	tam	ta	I	
tan				I	
tao				I	
tap				I	
taq				I	tmh
tar				I	
tat	tat	tat	tt	I	
tau				I	
tav				I	
taw				I	
tax				I	
tay				I	
taz				I	
tba				I	
tbc				I	
tbd				I	
tbe				I	
tbf				I	
tbg				I	
tbi				I	
tbj				I	
tbk				I	
tbl				I	
tbm				I	
tbn				I	
tbo				I	
tbp				I	
tbr				I	
tbs				I	
tbt				I	
tbv				I	
tbw				I	
tbx				I	
tby				I	
tbz				I	
tca				I	
tcb				I	
tcc				I	
tcd				I	
tce				I	
tcf				I	
tcg				I	
tch				I	
tci				I	
tck				I	
tcm				I	
tcn				I	
tco				I	
tcp				I	
tcq				I	
tcs				I	
tct				I	
tcu				I	
tcw				I	
tcx				I	
tcy				I	
tcz				I	
tda				I	
tdb				I	
tdc				I	
tdd				I	
tde				I	
tdf				I	
tdg				I	
tdh				I	
tdi				I	
tdj				I	
tdk				I	
tdl				I	
tdn				I	
tdo				I	
tdq				I	
tdr				I	
tds				I	
tdt				I	
tdu				I	
tdv				I	
tdx				I	mlg
tdy				I	
tea				I	
tec				I	kln
ted				I	
tee				I	
tef				I	
teg				I	
teh				I	
tei				I	
tek				I	
tel	tel	tel	te	I	
tem	tem	tem		I	
teo				I	
teq				I	
ter	ter	ter		I	
tes				I	
tet	tet	tet		I	
teu				I	
tev				I	
tew				I	
tex				I	
tey				I	
tfi				I	
tfn				I	
tfo				I	
tfr				I	
tft				I	
tga				I	
tgb				I	
tgc				I	
tgd				I	
tge				I	
tgf				I	
tgh				I	
tgi				I	
tgj				I	
tgk	tgk	tgk	tg	I	
tgl	tgl	tgl	tl	I	
tgn				I	
tgo				I	
tgp				I	
tgq				I	
tgr				I	
tgs				I	
tgt				I	
tgu				I	
tgw				I	
tgx				I	
tha	tha	tha	th	I	
thc				I	
thd				I	
the				I	
thf				I	
thh				I	
thi				I	
thk				I	
thl				I	
thm				I	
thn				I	
thp				I	
thq				I	
thr				I	
ths				I	
tht				I	
thu				I	
thv				I	tmh
thw				I	
thy				I	
thz				I	tmh
tia				I	
tic				I	
tid				I	
tif				I	
tig	tig	tig		I	
tih				I	
tii				I	
tij				I	
tik				I	
tim				I	
tin				I	
tio				I	
tip				I	
tiq				I	
tir	tir	tir	ti	I	
tis				I	
tit				I	
tiu				I	
tiv	tiv	tiv		I	
tiw				I	
tix				I	
tiy				I	
tiz				I	
tja				I	
tjg				I	
tji				I	
tjl				I	
tjo				I	
tjs				I	
tjw				I	
tkb				I	
tkd				I	
tke				I	
tkg				I	mlg
tkl	tkl	tkl		I	
tkn				I	
tkp				I	
tkq				I	
tkr				I	
tks				I	
tkt				I	
tku				I	
tkv				I	
tkw				I	
tkx				I	
tkz				I	
tla				I	
tlb				I	
tlc				I	
tld				I	
tlf				I	
tlg				I	
tli	tli	tli		I	
tlj				I	
tlk				I	
tll				I	
tlm				I	
tln				I	
tlo				I	
tlp				I	
tlq				I	
tlr				I	
tls				I	
tlt				I	
tlu				I	
tlv				I	
tlx				I	
tly				I	
tma				I	
tmb				I	
tmc				I	
tmd				I	
tmf				I	
tmh	tmh	tmh		M	
tmi				I	
tmj				I	
tmk				I	
tml				I	
tmm				I	
tmn				I	
tmo				I	
tmp				I	
tmq				I	
tms				I	
tmt				I	
tmu				I	
tmv				I	
tmw				I	msa
tmy				I	
tna				I	
tnb				I	
tnc				I	
tnd				I	
tne				I	
tng				I	
tnh				I	
tni				I	
tnk				I	
tnl				I	
tnm				I	
tnn				I	
tno				I	
tnp				I	
tnr				I	
tns				I	
tnt				I	
tnu				I	
tnv				I	
tnw				I	
tnx				I	
tny				I	
tnz				I	
tob				I	
toc				I	
tod				I	
tof				I	
tog	tog	tog		I	
toh				I	
toi				I	
toj				I	
tol				I	
tom				I	
ton	ton	ton	to	I	
too				I	
top				I	
toq				I	
tor				I	
tos				I	
tou				I	
tov				I	
tow				I	
tox				I	
toy				I	
toz				I	
tpa				I	
tpc				I	
tpe				I	
tpf				I	
tpg				I	
tpi	tpi	tpi		I	
tpj				I	
tpl				I	
tpm				I	
tpo				I	
tpp				I	
tpq				I	
tpr				I	
tpt				I	
tpu				I	
tpv				I	
tpx				I	
tpy				I	
tpz				I	
tqb				I	
tql				I	
tqm				I	
tqn				I	
tqo				I	
tqp				I	
tqq				I	
tqt				I	
tqu				I	
tra				I	
trb				I	
trc				I	
trd				I	
tre				I	
trf				I	
trg				I	
trh				I	
tri				I	
trj				I	
trl				I	
trm				I	
trn				I	
tro				I	
trp				I	
trq				I	
trr				I	
trs				I	
trt				I	
tru				I	
trv				I	
trw				I	
trx				I	
tsa				I	
tsb				I	
tsc				I	
tsd				I	
tse				I	
tsg				I	
tsh				I	
tsi	tsi	tsi		I	
tsj				I	
tsk				I	
tsl				I	
tsm				I	
tsn	tsn	tsn	tn	I	
tso	tso	tso	ts	I	
tsp				I	
tsq				I	
tsr				I	
tss				I	
tst				I	
tsu				I	
tsv				I	
tsw				I	
tsx				I	
tsy				I	
tsz				I	
ttb				I	
ttc				I	
ttd				I	
tte				I	
ttf				I	
ttg				I	
tth				I	
tti				I	
ttj				I	
ttk				I	
ttl				I	
ttm				I	
ttn				I	
tto				I	
ttp				I	
ttq				I	tmh
ttr				I	
tts				I	
ttt				I	
ttu				I	
ttv				I	
ttw				I	
tty				I	
ttz				I	
tua				I	
tub				I	
tuc				I	
tue				I	
tuf				I	
tug				I	
tuh				I	
tui				I	
tuj				I	
tuk	tuk	tuk	tk	I	
tul				I	
tum	tum	tum		I	
tuo				I	
tuq				I	
tur	tur	tur	tr	I	
tus				I	
tuu				I	
tuv				I	
tuy				I	kln
tuz				I	
tva				I	
tvd				I	
tve				I	
tvk				I	
tvl	tvl	tvl		I	
tvm				I	
tvn				I	
tvo				I	
tvs				I	
tvt				I	
tvu				I	
tvw				I	
twb				I	
twd				I	
twe				I	
twf				I	
twg				I	
twh				I	
twi	twi	twi	tw	I	aka
twl				I	
twm				I	
twn				I	
two				I	
twp				I	
twq				I	
twr				I	
twu				I	
tww				I	
twx				I	
twy				I	
txa				I	
txe				I	
txi				I	
txj				I	
txm				I	
txn				I	
txo				I	
txq				I	
txs				I	
txt				I	
txu				I	
txx				I	
txy				I	mlg
tya				I	
tye				I	
tyh				I	
tyi				I	
tyj				I	
tyl				I	
tyn				I	
tyr				I	
tys				I	
tyt				I	
tyu				I	
tyv	tyv	tyv		I	
tyx				I	
tyz				I	
tza				I	
tzh				I	
tzj				I	
tzm				I	
tzn				I	
tzo				I	
tzx				I	
uan				I	
uar				I	
uba				I	
ubi				I	
ubl				I	bik
ubr				I	
ubu				I	
uda				I	
ude				I	
udg				I	
udi				I	
udj				I	
udl				I	
udm	udm	udm		I	
udu				I	
ues				I	
ufi				I	
uge				I	
ugn				I	
ugo				I	
ugy				I	
uha				I	
uhn				I	
uig	uig	uig	ug	I	
uis				I	
uiv				I	
uji				I	
uka				I	
ukg				I	
ukh				I	
ukl				I	
ukp				I	
ukq				I	
ukr	ukr	ukr	uk	I	
uks				I	
uku				I	
ukw				I	
ula				I	
ulb				I	
ulc				I	
ulf				I	
uli				I	
ulk				I	
ull				I	
ulm				I	
uln				I	
ulu				I	
ulw				I	
uma				I	
umb	umb	umb		I	
umi				I	
umm				I	
umn				I	
ump				I	
ums				I	
umu				I	del
una				I	
une				I	
ung				I	
unk				I	
unn				I	
unr				I	
unu				I	
unx				I	
unz				I	
upi				I	
upv				I	
ura				I	
urb				I	
urd	urd	urd	ur	I	
ure				I	
urg				I	
urh				I	
uri				I	
urk				I	msa
url				I	
urm				I	
urn				I	
uro				I	
urp				I	
urr				I	
urt				I	
urw				I	
urx				I	
ury				I	
urz				I	
usa				I	
ush				I	
usi				I	
usk				I	
usp				I	
usu				I	
uta				I	
ute				I	
utp				I	
utr				I	
utu				I	
uum				I	
uun				I	
uur				I	
uuu				I	
uve				I	
uvh				I	
uvl				I	
uwa				I	
uya				I	
uzb	uzb	uzb	uz	M	
uzn				I	uzb
uzs				I	uzb
vaa				I	
vae				I	
vaf				I	
vag				I	
vah				I	
vai	vai	vai		I	
vaj				I	
val				I	
vam				I	
van				I	
vao				I	
vap				I	
var				I	
vas				I	
vau				I	
vav				I	
vay				I	
vbb				I	
vbk				I	bnc
vec				I	
ved				I	
vel				I	
vem				I	
ven	ven	ven	ve	I	
vep				I	
ver				I	
vgr				I	
vgt				I	
vic				I	
vid				I	
vie	vie	vie	vi	I	
vif				I	
vig				I	
vil				I	
vin				I	
vis				I	
vit				I	
viv				I	
vki				I	
vkj				I	
vkk				I	msa
vkl				I	
vko				I	
vkp				I	
vkt				I	msa
vku				I	
vlp				I	
vls				I	
vma				I	
vmc				I	
vmd				I	
vme				I	
vmf				I	
vmg				I	
vmh				I	
vmj				I	
vmk				I	
vmm				I	
vmp				I	
vmq				I	
vmr				I	
vmw				I	
vmx				I	
vmy				I	
vmz				I	
vnk				I	
vnm				I	
vnp				I	
vor				I	
vot	vot	vot		I	
vra				I	
vro				I	est
vrs				I	
vrt				I	
vsi				I	
vsl				I	
vsv				I	
vto				I	
vum				I	
vun				I	
vut				I	
vwa				I	
waa				I	
wab				I	
wac				I	
wad				I	
wae				I	
wag				I	
wah				I	
wai				I	
waj				I	
wal	wal	wal		I	
wan				I	
wap				I	
waq				I	
war	war	war		I	
was	was	was		I	
wat				I	
wau				I	
wav				I	
waw				I	
wax				I	
way				I	
waz				I	
wba				I	
wbb				I	
wbe				I	
wbf				I	
wbh				I	
wbi				I	
wbj				I	
wbk				I	
wbl				I	
wbm				I	
wbp				I	
wbq				I	
wbr				I	raj
wbt				I	
wbv				I	
wbw				I	
wca				I	
wci				I	
wdd				I	
wdg				I	
wdj				I	
wec				I	
wed				I	
weg				I	
weh				I	
wei				I	
wem				I	
weo				I	
wep				I	
wer				I	
wes				I	
wet				I	
weu				I	
wew				I	
wfg				I	
wgb				I	
wgi				I	
wgo				I	
wgy				I	
wha				I	
whg				I	
whk				I	
whu				I	
wib				I	
wic				I	
wig				I	
wih				I	
wii				I	
wij				I	
wik				I	
wim				I	
win				I	
wiu				I	
wiv				I	
wja				I	
wji				I	
wkb				I	
wkd				I	
wkl				I	
wku				I	
wla				I	
wlc				I	
wle				I	
wlg				I	
wli				I	
wll				I	
wln	wln	wln	wa	I	
wlo				I	
wlr				I	
wls				I	
wlv				I	
wlw				I	
wlx				I	
wmb				I	
wmc				I	
wmd				I	
wme				I	
wmh				I	
wmm				I	
wmo				I	
wms				I	
wmt				I	
wmw				I	
wmx				I	
wnb				I	
wnc				I	
wne				I	
wng				I	
wni				I	
wnk				I	
wno				I	
wnp				I	
wnu				I	
wnw				I	
wny				I	
woa				I	
wob				I	
woc				I	
wod				I	
woe				I	
wof				I	
wog				I	
woi				I	
wok				I	
wol	wol	wol	wo	I	
wom				I	
won				I	
woo				I	
wor				I	
wos				I	
wow				I	
wpc				I	
wra				I	
wrd				I	
wrk				I	
wrl				I	
wrm				I	
wrn				I	
wrp				I	
wrr				I	
wrs				I	
wru				I	
wrv				I	
wrx				I	
wry				I	mwr
wsa				I	
wsi				I	
wsk				I	
wsr				I	
wss				I	
wtf				I	
wti				I	
wtk				I	
wtm				I	
wtw				I	
wua				I	
wub				I	
wud				I	
wuh				I	
wul				I	
wum				I	
wun				I	
wut				I	
wuu				I	zho
wuv				I	
wux				I	
wuy				I	
wwa				I	
wwo				I	
www				I	
wxa				I	
wya				I	
wyb				I	
wym				I	
wyr				I	
wyy				I	
xab				I	
xac				I	
xal	xal	xal		I	
xan				I	
xao				I	
xat				I	
xau				I	
xav				I	
xaw				I	
xay				I	
xbi				I	
xbr				I	
xby				I	
xda				I	
xdy				I	
xed				I	
xel				I	
xem				I	
xer				I	
xes				I	
xet				I	
xeu				I	
xgu				I	
xhe				I	lah
xho	xho	xho	xh	I	
xhv				I	
xii				I	
xis				I	
xiy				I	
xka				I	
xkb				I	
xkc				I	
xkd				I	
xke				I	
xkf				I	
xkg				I	
xkh				I	
xki				I	
xkj				I	
xkk				I	
xkl				I	
xkn				I	
xko				I	
xkp				I	
xkq				I	
xks				I	
xkt				I	
xku				I	
xkv				I	
xkw				I	
xkx				I	
xky				I	
xkz				I	
xla				I	
xma				I	
xmb				I	
xmc				I	
xmd				I	
xmf				I	
xmg				I	
xmh				I	
xmj				I	
xml				I	
xmm				I	msa
xmo				I	
xms				I	
xmt				I	
xmv				I	mlg
xmw				I	mlg
xmx				I	
xmy				I	
xmz				I	
xnb				I	
xnh				I	
xnn				I	
xnr				I	doi
xns				I	
xny				I	
xnz				I	
xod				I	
xog				I	
xoi				I	
xok				I	
xom				I	
xon				I	
xop				I	
xor				I	
xow				I	
xpe				I	kpe
xpk				I	
xra				I	
xrb				I	
xre				I	
xri				I	
xru				I	
xrw				I	
xsb				I	
xse				I	
xsh				I	
xsi				I	
xsl				I	den
xsm				I	
xsn				I	
xsp				I	
xsq				I	
xsr				I	
xsu				I	
xsy				I	
xta				I	
xtb				I	
xtc				I	
xtd				I	
xte				I	
xti				I	
xtj				I	
xtl				I	
xtm				I	
xtn				I	
xtp				I	
xts				I	
xtt				I	
xtu				I	
xtw				I	
xty				I	
xua				I	
xub				I	
xug				I	
xuj				I	
xuo				I	
xuu				I	
xvi				I	
xwa				I	
xwe				I	
xwg				I	
xwl				I	
xwr				I	
xxk				I	
xyy				I	
yaa				I	
yab				I	
yac				I	
yad				I	
yae				I	
yaf				I	
yag				I	
yah				I	
yai				I	
yaj				I	
yak				I	
yal				I	
yam				I	
yan				I	
yao	yao	yao		I	
yap	yap	yap		I	
yaq				I	
yar				I	
yas				I	
yat				I	
yau				I	
yav				I	
yaw				I	
yax				I	
yay				I	
yaz				I	
yba				I	
ybb				I	
ybe				I	
ybh				I	
ybi				I	
ybj				I	
ybk				I	
ybl				I	
ybm				I	
ybo				I	
ybx				I	
yby				I	
ych				I	
ycl				I	
ycn				I	
ycp				I	
ydd				I	yid
yde				I	
ydg				I	
ydk				I	
yea				I	
yec				I	
yee				I	
yej				I	
yel				I	
yer				I	
yes				I	
yet				I	
yeu				I	
yev				I	
yey				I	
ygl				I	
ygm				I	
ygp				I	
ygr				I	
ygs				I	
ygu				I	
ygw				I	
yha				I	
yhd				I	jrb
yhl				I	
yia				I	
yid	yid	yid	yi	M	
yif				I	
yig				I	
yih				I	yid
yii				I	
yij				I	
yik				I	
yim				I	
yin				I	
yip				I	
yiq				I	
yir				I	
yis				I	
yit				I	
yiu				I	
yiv				I	
yix				I	
yiz				I	
yka				I	
ykg				I	
yki				I	
ykk				I	
ykl				I	
ykm				I	
ykn				I	
yko				I	
ykr				I	
ykt				I	
yku				I	
yky				I	
yla				I	
ylb				I	
yle				I	
ylg				I	
yli				I	
yll				I	
ylm				I	
yln				I	
ylo				I	
ylu				I	
yly				I	
ymb				I	
ymc				I	
ymd				I	
ymg				I	
ymh				I	
ymi				I	
ymk				I	
yml				I	
ymm				I	
ymn				I	
ymo				I	
ymp				I	
ymq				I	
ymr				I	
ymx				I	
ymz				I	
yna				I	
yne				I	
yng				I	
ynk				I	
ynl				I	
yno				I	
ynq				I	
yns				I	
yog				I	
yoi				I	
yok				I	
yom				I	
yon				I	
yor	yor	yor	yo	I	
yot				I	
yox				I	
yoy				I	
ypa				I	
ypb				I	
ypg				I	
yph				I	
ypm				I	
ypn				I	
ypo				I	
ypp				I	
ypz				I	
yra				I	
yrb				I	
yre				I	
yri				I	
yrk				I	
yrl				I	
yrm				I	
yrn				I	
yrs				I	
yrw				I	
yry				I	
ysd				I	
ysg				I	
ysl				I	
ysn				I	
yso				I	
ysp				I	
yss				I	
ysy				I	
yta				I	
ytl				I	
ytp				I	
ytw				I	
yua				I	
yuc				I	
yud				I	jrb
yue				I	zho
yuf				I	
yui				I	
yuj				I	
yul				I	
yum				I	
yun				I	
yup				I	
yuq				I	
yur				I	
yut				I	
yuw				I	
yux				I	
yuy				I	
yuz				I	
yva				I	
ywa				I	
ywg				I	
ywl				I	
ywn				I	
ywq				I	
ywr				I	
ywt				I	
ywu				I	
yyu				I	
yyz				I	
yzg				I	
yzk				I	
zaa				I	zap
zab				I	zap
zac				I	zap
zad				I	zap
zae				I	zap
zaf				I	zap
zag				I	
zah				I	
zai				I	zap
zaj				I	
zak				I	
zal				I	
zam				I	zap
zao				I	zap
zap	zap	zap		M	
zaq				I	zap
zar				I	zap
zas				I	zap
zat				I	zap
zau				I	
zav				I	zap
zaw				I	zap
zax				I	zap
zay				I	
zaz				I	
zbc				I	
zbe				I	
zbt				I	
zbw				I	
zca				I	zap
zch				I	zha
zdj				I	
zea				I	
zeg				I	
zeh				I	zha
zen	zen	zen		I	
zga				I	
zgb				I	zha
zgh	zgh	zgh		I	
zgm				I	zha
zgn				I	zha
zgr				I	
zha	zha	zha	za	M	
zhb				I	
zhd				I	zha
zhi				I	
zhn				I	zha
zho	chi	zho	zh	M	
zhw				I	
zia				I	
zib				I	
zik				I	
zil				I	
zim				I	
zin				I	
ziw				I	
ziz				I	
zka				I	
zkd				I	
zkn				I	
zkr				I	
zlj				I	zha
zlm				I	msa
zln				I	zha
zlq				I	zha
zma				I	
zmb				I	
zmd				I	
zmf				I	
zmg				I	
zmi				I	msa
zmj				I	
zml				I	
zmm				I	
zmn				I	
zmo				I	
zmp				I	
zmq				I	
zmr				I	
zms				I	
zmt				I	
zmw				I	
zmx				I	
zmy				I	
zmz				I	
zna				I	
zne				I	
zng				I	
zns				I	
zoc				I	
zoh				I	
zom				I	
zoo				I	zap
zoq				I	
zor				I	
zos				I	
zpa				I	zap
zpb				I	zap
zpc				I	zap
zpd				I	zap
zpe				I	zap
zpf				I	zap
zpg				I	zap
zph				I	zap
zpi				I	zap
zpj				I	zap
zpk				I	zap
zpl				I	zap
zpm				I	zap
zpn				I	zap
zpo				I	zap
zpp				I	zap
zpq				I	zap
zpr				I	zap
zps				I	zap
zpt				I	zap
zpu				I	zap
zpv				I	zap
zpw				I	zap
zpx				I	zap
zpy				I	zap
zpz				I	zap
zqe				I	zha
zrg				I	
zrn				I	
zro				I	
zrs				I	
zsa				I	
zsl				I	
zsm				I	msa
zsr				I	zap
zsu				I	
zte				I	zap
ztg				I	zap
ztl				I	zap
ztm				I	zap
ztn				I	zap
ztp				I	zap
ztq				I	zap
zts				I	zap
ztt				I	zap
ztu				I	zap
ztx				I	zap
zty				I	zap
zua				I	
zuh				I	
zul	zul	zul	zu	I	
zum				I	
zun	zun	zun		I	
zuy				I	
zwa				I	
zyb				I	zha
zyg				I	zha
zyj				I	zha
zyn				I	zha
zyp				I	
zza	zza	zza		M	
zzj				I	zha
